Survived,Pclass,Sex,Age,SibSp,Parch,Fare,Has_Cabin,Embarked_Q,Embarked_S
0,3,0,-0.8826811574119807,0.39366235165641883,0.6645216197402156,-0.7128923948351259,1,0,1
0,3,1,0.9506045504515584,-0.43522201341486766,-0.4528707057245966,-0.47653885486448644,0,0,1
1,3,0,-0.030380639963156163,-0.43522201341486766,-0.4528707057245966,-0.40446870196987095,0,0,1
1,3,1,-1.0835860647086104,-0.43522201341486766,0.6645216197402156,-0.5222306569970475,1,0,0
0,3,1,-0.030380639963156163,-0.43522201341486766,-0.4528707057245966,-0.26936857207474,1,0,1
0,3,1,-0.9806158522816821,-0.43522201341486766,-0.4528707057245966,-0.5359820463597019,1,0,1
0,3,1,0.12692441357181744,-0.43522201341486766,-0.4528707057245966,0.5122931710993373,1,0,1
0,3,1,-0.5556991375999684,0.39366235165641883,0.6645216197402156,0.3742203173853733,0,0,0
1,1,0,-1.3803755447168158,-0.43522201341486766,-0.4528707057245966,-1.1984126245089877,0,1,0
0,2,1,1.5740074319163493,0.39366235165641883,-0.4528707057245966,-0.11306283660848783,0,0,1
1,3,1,-0.9522950950566849,-0.43522201341486766,-0.4528707057245966,1.5520794617709965,0,1,0
0,2,1,-1.4827941210593611,-0.43522201341486766,-0.4528707057245966,0.14216667119682044,0,1,0
0,2,1,0.6711623919548374,0.39366235165641883,-0.4528707057245966,0.3886639188809986,0,0,1
0,3,1,1.5539992894078465,0.39366235165641883,-0.4528707057245966,-1.1984126245089877,0,0,1
1,2,1,1.2960293844098487,-0.43522201341486766,6.251483247064277,1.8496080537109345,0,0,1
1,2,1,-0.030380639963156163,0.39366235165641883,-0.4528707057245966,1.291006367909916,0,0,1
0,3,1,-1.9927310426074567,3.709199811941565,-0.4528707057245966,-0.7342921357536458,0,1,0
0,3,1,-0.030380639963156163,0.39366235165641883,-0.4528707057245966,-0.5777900568869315,0,0,0
0,1,0,-0.49769806555051205,-0.43522201341486766,-0.4528707057245966,-1.1984126245089877,1,0,1
0,3,0,-0.3999723298701628,-0.43522201341486766,-0.4528707057245966,-0.9109442058902781,0,0,1
1,3,1,1.747813550946347,-0.43522201341486766,1.7819139452050277,-1.1984126245089877,1,0,1
0,3,1,0.5613062164271443,-0.43522201341486766,1.7819139452050277,0.8185792636489502,0,0,0
0,3,1,-0.030380639963156163,-0.43522201341486766,-0.4528707057245966,0.4985986546599332,0,0,1
0,3,1,0.018758654193516282,0.39366235165641883,-0.4528707057245966,-0.6880182585816115,1,0,1
0,3,1,0.3065477002360863,-0.43522201341486766,-0.4528707057245966,-0.8438100895756158,0,0,1
0,2,1,-0.030380639963156163,-0.43522201341486766,-0.4528707057245966,-0.4470084192636177,0,0,0
0,1,1,0.6319656388646195,-0.43522201341486766,-0.4528707057245966,-1.1984126245089877,0,0,1
0,3,1,0.6733976375512831,0.39366235165641883,-0.4528707057245966,-0.2638263194320137,0,0,0
0,2,1,1.400029470215076,-0.43522201341486766,-0.4528707057245966,-1.1984126245089877,0,0,1
0,3,0,-0.030380639963156163,2.0514310817989916,-0.4528707057245966,-0.23485726537397822,0,0,0
0,3,1,-1.5593695768922702,-0.43522201341486766,-0.4528707057245966,0.9075438505486133,0,0,0
1,2,0,-0.35973856819377314,-0.43522201341486766,-0.4528707057245966,0.7156414398886115,1,1,0
0,3,1,-0.43531059852845116,-0.43522201341486766,-0.4528707057245966,-0.8420669858525025,1,0,1
0,3,1,0.359342904261275,-0.43522201341486766,0.6645216197402156,-0.461619018764069,0,0,1
1,1,1,1.0507718620116244,-0.43522201341486766,-0.4528707057245966,-1.1984126245089877,0,0,0
0,3,1,-0.030380639963156163,-0.43522201341486766,-0.4528707057245966,-0.9483193347583216,0,0,1
1,3,0,-0.8518897494303558,-0.43522201341486766,-0.4528707057245966,-0.5665688968316049,0,1,0
1,3,0,-0.030380639963156163,-0.43522201341486766,-0.4528707057245966,0.1126133482285865,1,0,1
0,3,1,0.3255736704125773,-0.43522201341486766,0.6645216197402156,-0.8371113380170296,0,1,0
0,3,1,-0.3970589400280734,-0.43522201341486766,-0.4528707057245966,-1.1984126245089877,1,0,0
1,3,1,2.1275141189631412,-0.43522201341486766,-0.4528707057245966,-1.1984126245089877,0,0,0
1,1,0,0.6090316456277224,-0.43522201341486766,-0.4528707057245966,1.3072067774776175,0,0,1
0,2,1,1.5373636923199494,1.2225467167277053,-0.4528707057245966,0.9905936491347354,0,0,1
1,2,0,0.1874343871163679,2.880315446870278,-0.4528707057245966,-0.6018428332382026,1,0,1
0,2,1,-1.822735532270955,-0.43522201341486766,-0.4528707057245966,-1.184752157527966,1,0,1
1,3,0,0.48486346496958443,-0.43522201341486766,-0.4528707057245966,-1.181889277711038,0,0,0
0,2,1,-0.9447631677919952,-0.43522201341486766,-0.4528707057245966,0.09318907046415552,0,0,1
1,2,1,-0.7778124646036355,0.39366235165641883,-0.4528707057245966,-1.1984126245089877,1,0,1
0,3,1,-0.030380639963156163,-0.43522201341486766,-0.4528707057245966,-1.024787471177013,1,0,1
0,1,1,-0.030380639963156163,-0.43522201341486766,-0.4528707057245966,1.3594395702658608,0,0,1
0,3,1,-0.029856844339906922,-0.43522201341486766,-0.4528707057245966,-1.1984126245089877,1,0,1
0,3,1,2.256555022004125,0.39366235165641883,1.7819139452050277,-0.07534882525344866,0,0,0
0,3,1,0.2686810782105203,-0.43522201341486766,-0.4528707057245966,-0.2539080101221131,0,0,1
0,1,1,0.7104134125896707,-0.43522201341486766,-0.4528707057245966,-1.1984126245089877,0,0,1
0,3,1,-2.4537722061690914,-0.43522201341486766,-0.4528707057245966,0.26910142151317995,1,0,0
0,3,1,0.9659016496127997,0.39366235165641883,-0.4528707057245966,0.8326376221521729,1,0,1
1,3,0,0.4596596286128479,-0.43522201341486766,-0.4528707057245966,-0.09544659418835522,1,0,0
0,3,1,1.695525742310964,-0.43522201341486766,-0.4528707057245966,-0.7342567384166994,1,0,1
0,2,1,-0.24711757851231705,0.39366235165641883,-0.4528707057245966,-0.3921301217458395,0,0,1
1,1,0,-0.030380639963156163,0.39366235165641883,-0.4528707057245966,0.12372485525077116,0,0,1
1,3,0,-0.34310287708633014,-0.43522201341486766,0.6645216197402156,0.21294980599465455,0,0,1
1,3,0,-1.2156645774277925,0.39366235165641883,-0.4528707057245966,-0.38935461919180137,1,0,1
0,2,1,-0.8484158250087911,-0.43522201341486766,1.7819139452050277,1.2204316661370296,0,0,1
1,1,1,0.7417914380748877,-0.43522201341486766,-0.4528707057245966,2.1070176766302016,0,0,0
0,2,1,2.2126065014991894,-0.43522201341486766,0.6645216197402156,-0.11806153824991829,0,0,1
1,2,1,0.4780401496541498,-0.43522201341486766,-0.4528707057245966,-0.31311881409735676,1,0,0
0,3,1,-1.6854252962029332,-0.43522201341486766,-0.4528707057245966,-1.1079890873240679,0,0,0
0,3,1,0.5459562671816619,1.2225467167277053,1.7819139452050277,0.30902172062956157,0,0,1
0,3,1,1.568862598898068,-0.43522201341486766,-0.4528707057245966,1.313425625417031,0,0,0
0,3,1,-0.030380639963156163,-0.43522201341486766,-0.4528707057245966,-0.5674704246032858,0,0,1
1,1,0,-0.2410799184900405,-0.43522201341486766,-0.4528707057245966,0.8705234677011451,1,0,1
1,3,1,-0.038811531944869054,-0.43522201341486766,-0.4528707057245966,-0.8334215702543734,0,1,0
0,3,1,-1.1264056261548954,0.39366235165641883,-0.4528707057245966,-0.7853797521728976,1,0,1
0,3,0,0.8229978791275319,-0.43522201341486766,-0.4528707057245966,0.9208832575400506,1,0,1
1,3,1,-0.2233034968947454,-0.43522201341486766,-0.4528707057245966,-0.8137603451385438,0,0,1
0,3,0,0.5118558569857805,0.39366235165641883,-0.4528707057245966,-0.7161874794751708,0,0,1
0,3,1,-1.2659533552391582,-0.43522201341486766,-0.4528707057245966,-1.1960086301923962,0,1,0
0,2,1,-0.6538192302150186,-0.43522201341486766,-0.4528707057245966,0.43145867321053943,0,0,1
1,1,0,-0.5659163843471414,-0.43522201341486766,-0.4528707057245966,-1.1984126245089877,0,0,1
1,1,0,2.2902183772400666,6.195852907155425,-0.4528707057245966,-0.23228694483574425,0,0,1
0,3,1,-0.6023737541020894,0.39366235165641883,-0.4528707057245966,0.8352958251515982,0,0,1
0,2,1,0.24682483724550366,-0.43522201341486766,-0.4528707057245966,0.20558109302511185,0,0,1
1,3,1,1.2097156473718338,0.39366235165641883,-0.4528707057245966,-0.21302688206277384,0,0,1
1,3,1,-0.030380639963156163,-0.43522201341486766,-0.4528707057245966,-0.2101201915997584,0,0,1
1,2,0,-0.030380639963156163,-0.43522201341486766,0.6645216197402156,1.3844937145482665,0,1,0
0,2,1,-2.1339814416375193,-0.43522201341486766,-0.4528707057245966,-0.7274973552006412,0,0,1
1,3,0,1.658571061720462,-0.43522201341486766,-0.4528707057245966,-0.57784803323073,0,0,0
0,1,1,-0.8094254031605539,-0.43522201341486766,-0.4528707057245966,3.5272922532009727,1,0,0
0,2,1,-0.8262774829868215,1.2225467167277053,1.7819139452050277,-0.6157684199338088,0,0,0
1,3,0,2.0387809073525176,-0.43522201341486766,-0.4528707057245966,0.26931438479676206,0,0,1
1,3,0,-0.030380639963156163,-0.43522201341486766,0.6645216197402156,0.39885127570677265,1,0,1
0,3,0,1.584824146635149,-0.43522201341486766,-0.4528707057245966,-0.6286068613888733,0,0,0
1,3,0,1.3341350480781562,-0.43522201341486766,-0.4528707057245966,-1.1984126245089877,0,0,1
0,3,1,0.9999330036940206,-0.43522201341486766,1.7819139452050277,0.5157401690569742,0,0,1
0,3,1,-0.8085107673890147,-0.43522201341486766,6.251483247064277,0.5064150811246708,0,1,0
1,3,0,-1.1717009172608124,-0.43522201341486766,-0.4528707057245966,0.8874156714559871,1,0,1
1,3,0,-0.06338027291470713,-0.43522201341486766,-0.4528707057245966,0.021668237352573935,0,0,1
0,2,1,-0.2902747348144367,-0.43522201341486766,0.6645216197402156,1.5249472709013345,0,0,1
1,1,0,-0.6752691743001462,0.39366235165641883,-0.4528707057245966,3.3636399231604464,0,0,0
1,1,0,0.8884328300481432,-0.43522201341486766,-0.4528707057245966,-1.1984126245089877,0,0,1
0,2,1,1.2406116438755692,-0.43522201341486766,1.7819139452050277,0.9223348643788436,0,1,0
0,3,1,0.0614603120559504,-0.43522201341486766,-0.4528707057245966,-1.1984126245089877,0,0,0
0,3,0,1.9509396466811646,-0.43522201341486766,-0.4528707057245966,-0.1628416133259466,0,0,0
0,3,0,-0.030380639963156163,0.39366235165641883,0.6645216197402156,-0.05000219736840626,0,0,0
1,2,1,-0.030380639963156163,-0.43522201341486766,-0.4528707057245966,2.149377004048389,0,0,0
0,2,0,-0.224390782588653,0.39366235165641883,-0.4528707057245966,0.19237829869723955,1,0,1
1,2,0,0.7992369622355717,-0.43522201341486766,-0.4528707057245966,-0.8214338326441182,0,0,1
1,3,0,-1.4518848195905625,-0.43522201341486766,-0.4528707057245966,-0.9065241931938726,0,1,0
1,3,1,2.4631383032235186,1.2225467167277053,-0.4528707057245966,-1.0929473146073123,0,0,1
1,2,0,1.6020543774035427,-0.43522201341486766,2.89930627066984,0.08378529647202851,0,0,1
0,3,1,0.7329764167946737,-0.43522201341486766,-0.4528707057245966,-0.7291505156886504,0,1,0
0,3,1,-0.3668530379247264,-0.43522201341486766,1.7819139452050277,-0.05465357934570167,0,0,1
0,2,1,-0.030380639963156163,0.39366235165641883,-0.4528707057245966,0.7394328985007084,0,0,0
0,3,1,-0.5650643904049877,-0.43522201341486766,0.6645216197402156,0.13861936916238907,0,0,1
0,2,1,1.422120791969463,0.39366235165641883,0.6645216197402156,-0.17774795809274535,0,0,1
0,2,0,-0.030380639963156163,-0.43522201341486766,-0.4528707057245966,0.4235181520975716,0,0,1
0,3,0,-0.7237212103657663,-0.43522201341486766,-0.4528707057245966,0.03884865964546903,0,0,1
1,3,1,-1.5816891193099718,2.880315446870278,-0.4528707057245966,1.0741081583462655,0,0,0
0,2,1,-2.4642138928537713,1.2225467167277053,-0.4528707057245966,1.6647678702303073,0,0,0
0,3,0,0.3807809702634844,-0.43522201341486766,-0.4528707057245966,-1.1984126245089877,0,0,1
1,1,1,-0.6926911758014652,-0.43522201341486766,-0.4528707057245966,2.722429044693127,0,0,1
1,3,0,-2.2278985346895963,-0.43522201341486766,-0.4528707057245966,-0.3790485655203468,0,0,1
0,3,1,0.6398062830730202,0.39366235165641883,-0.4528707057245966,-0.8771021255314302,0,0,0
0,2,1,-0.7833677184525761,2.0514310817989916,-0.4528707057245966,0.5202292604437879,1,1,0
0,3,1,-1.6501061479632055,0.39366235165641883,-0.4528707057245966,-1.1984126245089877,0,0,0
1,3,0,-0.030380639963156163,0.39366235165641883,-0.4528707057245966,0.007992061364079138,0,0,1
0,1,1,-0.09621600491870237,-0.43522201341486766,-0.4528707057245966,0.3967730518493617,1,0,1
0,3,0,2.351818571834977,-0.43522201341486766,-0.4528707057245966,-0.654016298762575,0,0,1
0,2,1,2.200847215866924,2.880315446870278,-0.4528707057245966,0.5568473317417882,0,0,0
0,3,0,-0.6805306930088354,-0.43522201341486766,0.6645216197402156,-0.22980568525581416,0,0,1
1,3,0,-0.877916578864733,0.39366235165641883,1.7819139452050277,0.48444143326142314,1,0,1
0,3,0,0.578834355971085,0.39366235165641883,-0.4528707057245966,-0.9976230306599582,1,0,1
0,3,0,0.35170568042864175,6.195852907155425,1.7819139452050277,0.3634783395667125,0,0,1
0,2,1,0.9832287159035832,-0.43522201341486766,0.6645216197402156,0.4899326140199407,0,0,1
1,3,0,-0.3358265007569294,-0.43522201341486766,-0.4528707057245966,-0.5850604514314492,0,0,1
1,3,0,-1.2530184508123818,-0.43522201341486766,-0.4528707057245966,-0.7393067001992922,1,0,1
1,3,1,-0.36684595545626286,0.39366235165641883,-0.4528707057245966,-0.3969583415860289,0,1,0
1,3,0,1.1838634890308792,-0.43522201341486766,-0.4528707057245966,-0.016664835440061237,0,1,0
1,1,1,-1.1512708699976306,-0.43522201341486766,-0.4528707057245966,1.1673223519411098,0,0,0
0,3,1,1.9715581560741662,1.2225467167277053,0.6645216197402156,-0.03965612147882944,0,0,1
0,2,1,-0.42757149487591006,-0.43522201341486766,0.6645216197402156,-0.6041327901198011,0,0,0
0,3,1,-0.08785405154918423,-0.43522201341486766,-0.4528707057245966,0.4060744350184339,0,0,1
0,1,1,-0.030380639963156163,-0.43522201341486766,0.6645216197402156,-1.1984126245089877,1,0,1
0,3,1,0.9434615170840787,2.880315446870278,-0.4528707057245966,-0.408039986063097,0,0,1
1,3,0,-0.030380639963156163,-0.43522201341486766,-0.4528707057245966,0.27160011944193563,0,0,1
0,2,1,0.03233013193122659,-0.43522201341486766,1.7819139452050277,0.6198865066589566,0,0,1
0,3,1,-0.030380639963156163,-0.43522201341486766,-0.4528707057245966,0.6869361178629184,1,0,0
1,3,0,-2.1841584368338176,-0.43522201341486766,-0.4528707057245966,0.6801096890682546,0,0,1
0,3,1,-0.778405503919912,-0.43522201341486766,-0.4528707057245966,-0.029470316263280522,1,0,1
1,3,0,1.0215650160223249,0.39366235165641883,-0.4528707057245966,-0.9260382781029511,0,0,1
1,2,0,-1.7648693748775164,0.39366235165641883,-0.4528707057245966,-0.2914764133205004,0,0,1
0,3,1,-1.9040070277335286,0.39366235165641883,-0.4528707057245966,0.5048042163658206,0,0,1
0,3,0,0.5756456851483578,0.39366235165641883,0.6645216197402156,-0.6217886130190656,1,0,1
1,3,0,-0.10726973998484877,0.39366235165641883,0.6645216197402156,-0.5606683346321999,0,0,0
0,2,1,-2.2556856298375374,-0.43522201341486766,-0.4528707057245966,1.777250516310173,0,1,0
1,2,1,1.5254830592471365,-0.43522201341486766,1.7819139452050277,0.08698477385868063,1,0,1
0,3,1,-1.0579786220131868,-0.43522201341486766,-0.4528707057245966,-0.7524183614124312,0,0,1
1,3,0,-1.1608921953792077,-0.43522201341486766,-0.4528707057245966,0.2813504517813728,0,0,1
0,3,1,0.2140230001185614,-0.43522201341486766,-0.4528707057245966,-0.3286224709466653,0,0,0
0,3,0,-0.030380639963156163,-0.43522201341486766,0.6645216197402156,-1.1984126245089877,0,0,1
0,3,1,-1.4405067756532335,0.39366235165641883,1.7819139452050277,0.4749145350532912,0,0,0
1,1,1,0.02510631319764259,0.39366235165641883,-0.4528707057245966,0.5249130201406801,0,0,0
0,3,1,0.8839688852744386,-0.43522201341486766,-0.4528707057245966,-0.3374154522972548,1,1,0
0,3,1,0.18120468635298517,0.39366235165641883,-0.4528707057245966,-0.11896828536337695,0,0,1
1,1,1,-0.558020022813595,-0.43522201341486766,-0.4528707057245966,-1.1984126245089877,0,0,1
0,1,1,-1.1844749733565534,-0.43522201341486766,-0.4528707057245966,2.6644304220774226,0,1,0
0,3,0,0.05838218487282582,-0.43522201341486766,-0.4528707057245966,0.5363842204611824,0,0,1
1,3,0,0.5350163984252188,0.39366235165641883,-0.4528707057245966,0.38678876690890734,0,0,1
1,3,0,1.1707378931962797,-0.43522201341486766,-0.4528707057245966,-0.84521866594752,1,0,0
1,1,0,-1.432221668487447,-0.43522201341486766,0.6645216197402156,2.732547191143324,0,0,1
0,3,1,0.7833805853678194,-0.43522201341486766,-0.4528707057245966,-0.20781304728099562,1,1,0
0,2,0,-0.030380639963156163,-0.43522201341486766,0.6645216197402156,0.4062998853266225,0,0,1
0,3,0,-1.0490167885359472,-0.43522201341486766,-0.4528707057245966,-0.3798923740283815,0,0,1
0,3,1,-0.3075652952217438,-0.43522201341486766,-0.4528707057245966,0.4210038640363146,0,0,1
1,3,0,1.8113105817226323,-0.43522201341486766,-0.4528707057245966,-0.875418925319479,1,0,1
0,3,1,-0.9374280207295943,-0.43522201341486766,-0.4528707057245966,-0.34406490739755424,1,0,1
0,3,1,-1.1458478460487376,-0.43522201341486766,-0.4528707057245966,0.4418568141246104,0,0,1
0,2,1,-1.3555037819271563,-0.43522201341486766,0.6645216197402156,-0.22637691777189248,0,0,1
1,2,1,-0.030380639963156163,0.39366235165641883,0.6645216197402156,-1.1323877913720954,0,0,1
1,2,1,-0.030380639963156163,-0.43522201341486766,-0.4528707057245966,0.4463556084979894,0,0,1
0,3,0,-0.030380639963156163,1.2225467167277053,-0.4528707057245966,-1.1984126245089877,0,0,1
0,2,1,-0.030380639963156163,0.39366235165641883,0.6645216197402156,-0.0066785332784025245,0,0,0
0,3,1,-0.030380639963156163,-0.43522201341486766,-0.4528707057245966,0.5760182646699002,0,0,1
1,3,0,-2.1850356974840137,-0.43522201341486766,-0.4528707057245966,0.14959129426915022,0,0,1
1,3,0,1.1424117316985885,0.39366235165641883,-0.4528707057245966,-1.1984126245089877,0,0,1
1,3,0,-0.3042783449952455,-0.43522201341486766,-0.4528707057245966,-0.5212838617450264,0,0,1
0,3,1,-0.030380639963156163,0.39366235165641883,0.6645216197402156,-0.6476818634157984,0,0,0
0,2,1,-0.6387201006996762,-0.43522201341486766,-0.4528707057245966,-0.2430229772128189,1,0,1
0,3,1,0.09527956971841779,-0.43522201341486766,-0.4528707057245966,-0.745938081347218,0,0,1
0,3,1,1.1915408527165319,3.709199811941565,-0.4528707057245966,-0.7220896554435127,0,0,0
0,3,1,-0.9675970330763922,-0.43522201341486766,-0.4528707057245966,-0.6819047403029018,0,0,0
0,3,1,2.4892611462719523,-0.43522201341486766,1.7819139452050277,0.4397682527038198,0,0,1
0,2,0,-0.030380639963156163,-0.43522201341486766,-0.4528707057245966,1.124845659766621,0,0,1
0,1,1,-0.6672356497388506,0.39366235165641883,0.6645216197402156,-1.1984126245089877,0,0,1
1,3,0,1.6836425393940029,-0.43522201341486766,-0.4528707057245966,0.2596894668049762,0,0,1
0,2,1,0.033506420024331476,-0.43522201341486766,-0.4528707057245966,1.3879264590359137,0,0,1
0,3,1,1.1011486975161038,-0.43522201341486766,-0.4528707057245966,0.8531995153858163,0,0,1
0,3,1,-0.030380639963156163,-0.43522201341486766,-0.4528707057245966,0.09364728036028086,0,0,1
0,3,0,-1.210000995820054,-0.43522201341486766,2.89930627066984,-1.0620015636145888,0,0,1
0,2,1,-0.9341440366914753,-0.43522201341486766,-0.4528707057245966,0.7225967779694816,0,1,0
0,2,0,1.342157878918825,-0.43522201341486766,-0.4528707057245966,-0.57517989765475,0,0,0
0,3,1,-0.5141503029412234,1.2225467167277053,-0.4528707057245966,-0.5387127789991875,0,1,0
0,2,1,-0.6078312366999751,0.39366235165641883,-0.4528707057245966,0.5088746209489546,1,0,1
1,1,0,-0.030380639963156163,3.709199811941565,-0.4528707057245966,0.2251289562217056,0,1,0
1,3,0,0.5173872581366792,-0.43522201341486766,0.6645216197402156,-1.1271917262425992,0,0,1
1,3,0,-0.030380639963156163,2.880315446870278,-0.4528707057245966,0.05365062162103738,0,0,1
1,3,0,-1.5108439827943492,-0.43522201341486766,-0.4528707057245966,1.0801483440452506,0,0,0
1,3,0,-0.02584715085675052,-0.43522201341486766,-0.4528707057245966,0.6231047253316802,0,0,1
1,3,0,-0.1671182249834986,-0.43522201341486766,-0.4528707057245966,0.42970116623794835,0,0,1
0,3,0,0.5565238013753977,0.39366235165641883,-0.4528707057245966,0.17959321625038308,1,0,1
0,3,1,-0.030380639963156163,-0.43522201341486766,-0.4528707057245966,0.3706891418974978,0,0,1
1,3,0,-0.3133431668359266,-0.43522201341486766,-0.4528707057245966,-1.1984126245089877,0,0,0
0,3,1,1.2819953071245898,-0.43522201341486766,-0.4528707057245966,-0.14139299198466426,0,0,1
0,3,0,1.556286998266797,-0.43522201341486766,0.6645216197402156,-0.3467975179592973,0,0,1
0,2,1,0.729624173448647,0.39366235165641883,0.6645216197402156,-0.22210785101278016,0,0,1
1,2,0,0.3843563838247353,0.39366235165641883,-0.4528707057245966,0.6278166889081165,0,1,0
0,3,1,0.20561033192012004,-0.43522201341486766,-0.4528707057245966,-0.8866010154355746,1,0,1
0,3,1,-0.539165607793512,-0.43522201341486766,-0.4528707057245966,-0.6785306699988823,1,0,1
0,3,0,0.40161390276670855,-0.43522201341486766,-0.4528707057245966,-0.7664433997444847,0,0,1
0,3,1,-0.46059406533666136,0.39366235165641883,-0.4528707057245966,0.3452940955321464,0,0,1
0,3,0,0.1703495374575751,-0.43522201341486766,-0.4528707057245966,-0.29609363620399215,0,0,1
0,3,0,1.7334000931729883,-0.43522201341486766,-0.4528707057245966,-0.6250450126252196,0,0,1
0,3,1,-1.4278851750848764,-0.43522201341486766,-0.4528707057245966,-0.5610266323103578,1,0,1
0,3,1,-0.030380639963156163,-0.43522201341486766,6.251483247064277,-0.2846643426845692,0,0,1
0,3,1,1.7327438419307564,-0.43522201341486766,-0.4528707057245966,0.9006611169627832,0,0,1
0,3,1,-0.2193866480819038,0.39366235165641883,1.7819139452050277,-1.1932004648254213,0,0,1
1,3,0,-0.030380639963156163,-0.43522201341486766,-0.4528707057245966,0.2072730037354759,0,0,0
1,2,1,-0.8855471768347801,-0.43522201341486766,-0.4528707057245966,0.5857251392555967,0,0,1
0,2,1,1.7053759969788673,0.39366235165641883,-0.4528707057245966,-0.5870502775993104,0,0,0
0,3,1,-1.4180369056138717,-0.43522201341486766,-0.4528707057245966,0.10749118410060611,0,0,1
1,1,0,-0.7453830055201277,-0.43522201341486766,-0.4528707057245966,1.7678114647355392,1,0,1
1,3,1,-0.030380639963156163,-0.43522201341486766,1.7819139452050277,-1.1984126245089877,0,0,1
1,3,0,-0.030380639963156163,1.2225467167277053,0.6645216197402156,-0.11966729436169889,0,0,1
0,2,1,-0.3837847538808439,-0.43522201341486766,-0.4528707057245966,0.13853539277744997,1,0,1
1,3,0,-0.030380639963156163,1.2225467167277053,-0.4528707057245966,-1.0424560936094514,1,0,1
1,1,1,-0.5916580829837718,0.39366235165641883,-0.4528707057245966,-1.01542734097451,0,0,1
0,3,0,-0.030380639963156163,-0.43522201341486766,-0.4528707057245966,-1.1984126245089877,0,0,1
0,2,1,-0.030380639963156163,-0.43522201341486766,1.7819139452050277,0.4493200036685395,1,0,1
1,1,0,1.596783381612066,-0.43522201341486766,-0.4528707057245966,3.43135428739167,1,0,1
1,3,0,2.0104971340314117,-0.43522201341486766,-0.4528707057245966,0.07663612095327121,0,0,1
0,3,1,-0.030380639963156163,-0.43522201341486766,-0.4528707057245966,-0.5030714731807279,0,0,1
1,3,0,0.49036156431087374,-0.43522201341486766,-0.4528707057245966,-0.8315548103569289,0,0,0
0,3,1,0.3824017352504357,-0.43522201341486766,-0.4528707057245966,-0.1770000716176137,0,0,1
0,3,1,-1.662515152331965,-0.43522201341486766,-0.4528707057245966,-0.00894960499899347,0,0,0
0,3,1,1.5566859938394721,-0.43522201341486766,5.134090921599465,-0.9671659946061073,1,0,1
1,3,0,-0.6907607799111334,1.2225467167277053,-0.4528707057245966,-0.7201484133910594,0,0,1
1,3,0,0.21482613939808676,-0.43522201341486766,-0.4528707057245966,-0.707451533665547,0,0,0
1,3,0,-0.030380639963156163,-0.43522201341486766,-0.4528707057245966,-0.490022626359825,0,0,1
0,2,0,-0.41095177105256814,-0.43522201341486766,-0.4528707057245966,1.3532943386942518,0,0,1
1,3,1,0.7392280093360925,-0.43522201341486766,-0.4528707057245966,-0.5469262127158065,0,0,1
1,2,0,-0.7047522411758671,-0.43522201341486766,0.6645216197402156,-0.8126275230781432,0,0,1
0,2,1,1.1263444481423768,0.39366235165641883,-0.4528707057245966,0.6461314883217585,0,0,0
1,1,1,0.11311060445264583,-0.43522201341486766,-0.4528707057245966,-1.1984126245089877,0,0,1
0,3,0,-1.4194366725040595,-0.43522201341486766,0.6645216197402156,0.016590875586557485,0,0,1
1,3,0,-0.9806561151241733,-0.43522201341486766,0.6645216197402156,0.46977029839118645,0,0,1
0,2,1,0.6402248738859919,-0.43522201341486766,-0.4528707057245966,1.4472051390641378,0,0,1
1,1,0,0.4181351871539471,-0.43522201341486766,-0.4528707057245966,3.830761725996499,0,0,1
0,2,1,0.6065998586032179,-0.43522201341486766,4.016698596134652,1.231340721904565,0,0,1
1,3,1,0.8045550334562587,-0.43522201341486766,-0.4528707057245966,-0.10102420065609606,0,0,1
1,3,1,1.4506185534564178,-0.43522201341486766,4.016698596134652,0.5112227294608334,0,0,1
1,3,0,0.4986432061380768,-0.43522201341486766,-0.4528707057245966,0.5913463827215143,0,0,1
1,2,0,-0.030380639963156163,-0.43522201341486766,-0.4528707057245966,-0.76704112311669,0,0,1
0,3,1,0.8560414758496584,0.39366235165641883,-0.4528707057245966,0.29428199565516694,0,0,1
0,3,1,2.525420803413383,-0.43522201341486766,5.134090921599465,-0.4207341016712396,0,0,1
1,3,0,-0.030380639963156163,-0.43522201341486766,0.6645216197402156,-0.18628848725508035,0,0,1
1,3,0,-0.030380639963156163,-0.43522201341486766,-0.4528707057245966,-0.19441717503902742,0,0,1
1,2,1,1.447055966170409,0.39366235165641883,-0.4528707057245966,0.2525521425283143,1,0,1
1,2,0,-0.2225322868313275,-0.43522201341486766,-0.4528707057245966,1.4960729641107398,0,0,1
0,3,1,-0.030380639963156163,-0.43522201341486766,-0.4528707057245966,-1.1984126245089877,0,0,0
1,1,0,-0.030380639963156163,0.39366235165641883,-0.4528707057245966,-1.1984126245089877,0,0,1
0,1,1,0.39276785278388193,-0.43522201341486766,-0.4528707057245966,0.3878072079581094,0,0,1
0,3,1,0.9062029289333315,1.2225467167277053,-0.4528707057245966,-0.3715316828479846,0,0,1
1,3,0,-0.6511370199310472,1.2225467167277053,-0.4528707057245966,-0.9367353617333385,0,0,1
0,3,1,0.6391339269434677,-0.43522201341486766,-0.4528707057245966,0.33616083903626126,0,0,1
1,1,0,-0.41182461388211505,-0.43522201341486766,-0.4528707057245966,3.742844992559995,0,0,1
0,3,1,0.9461364558185262,-0.43522201341486766,-0.4528707057245966,-0.4616366232071969,1,0,1
0,3,1,0.7782298277543382,0.39366235165641883,-0.4528707057245966,-0.11693929059222143,0,0,1
1,2,0,1.418357805887877,-0.43522201341486766,-0.4528707057245966,-0.6528473144720127,1,0,1
0,2,1,-0.7878055002145443,-0.43522201341486766,-0.4528707057245966,0.9328900339708723,0,0,0
1,3,0,1.040326356100052,0.39366235165641883,-0.4528707057245966,0.7744436908031579,0,0,1
1,3,1,0.44079225744513195,0.39366235165641883,0.6645216197402156,-1.1984126245089877,0,0,1
0,2,1,-0.3627478090032511,0.39366235165641883,-0.4528707057245966,-0.08668051082098771,0,0,1
1,3,0,-0.5339295391160983,-0.43522201341486766,-0.4528707057245966,0.22464722976925208,0,0,0
1,3,0,-0.030380639963156163,0.39366235165641883,-0.4528707057245966,-1.1786531135253573,0,0,0
1,3,0,-0.471174174084455,-0.43522201341486766,1.7819139452050277,0.9056149252407037,0,0,1
0,3,0,-0.030380639963156163,-0.43522201341486766,-0.4528707057245966,-1.1984126245089877,0,0,0
1,1,0,-2.2572890183171768,1.2225467167277053,-0.4528707057245966,3.1361202779585846,0,0,1
0,3,1,-1.511211245584689,0.39366235165641883,-0.4528707057245966,-0.7902165968137932,1,1,0
1,1,1,-0.030380639963156163,-0.43522201341486766,-0.4528707057245966,0.02443056564880955,1,0,0
1,3,0,2.267978527211169,-0.43522201341486766,0.6645216197402156,-0.12472942600191747,0,0,1
0,3,1,-0.2008617238908855,-0.43522201341486766,-0.4528707057245966,-0.23055118228063515,1,0,0
0,3,0,-0.2884209250600468,-0.43522201341486766,-0.4528707057245966,-0.28315728081222763,0,1,0
0,2,1,0.03649429732839255,-0.43522201341486766,-0.4528707057245966,0.9205723043864028,0,0,0
0,3,1,1.5215914689516759,-0.43522201341486766,-0.4528707057245966,-0.5764396518897557,1,0,0
0,3,1,-1.3201720549472467,-0.43522201341486766,1.7819139452050277,-0.05341993289985757,0,0,0
1,3,0,-0.030380639963156163,-0.43522201341486766,-0.4528707057245966,-0.6585697562486795,0,0,1
0,3,1,-0.030380639963156163,2.880315446870278,0.6645216197402156,-0.9096011391405324,0,0,0
0,2,1,0.6227957623997263,2.880315446870278,-0.4528707057245966,-0.06922636898539974,1,0,1
0,3,1,0.19907774067697193,-0.43522201341486766,-0.4528707057245966,-0.6528290626064838,0,0,0
1,3,1,1.302828195571578,0.39366235165641883,1.7819139452050277,-0.6162346664070317,1,0,1
0,1,1,0.86325271406735,-0.43522201341486766,0.6645216197402156,3.0851044789258584,0,0,1
1,1,0,-0.9484612532347915,0.39366235165641883,-0.4528707057245966,0.9618779530155928,1,0,1
0,3,1,-0.030380639963156163,0.39366235165641883,-0.4528707057245966,-1.1568421232379822,0,1,0
1,1,1,-0.2457472230710132,-0.43522201341486766,0.6645216197402156,2.855006197124241,1,0,1
0,2,1,1.237305468843137,6.195852907155425,1.7819139452050277,-0.11590590502070201,1,1,0
0,3,1,2.1342235315474123,-0.43522201341486766,1.7819139452050277,-0.4135944043101271,0,0,0
0,3,1,2.1718822776022826,-0.43522201341486766,0.6645216197402156,-0.18740091257569733,0,0,1
1,2,0,0.9506482386609483,0.39366235165641883,-0.4528707057245966,1.2402040522532813,1,0,0
1,3,0,-2.2377772883836395,1.2225467167277053,-0.4528707057245966,1.0133947775866112,1,0,0
0,3,1,-0.39348347796739547,-0.43522201341486766,-0.4528707057245966,-0.6250030239434426,0,0,0
0,3,1,-1.2057707061618614,-0.43522201341486766,-0.4528707057245966,-0.8511754375403903,0,0,0
0,3,1,-0.030380639963156163,-0.43522201341486766,-0.4528707057245966,0.71161998803985,1,0,1
1,2,0,0.10879229233432292,-0.43522201341486766,-0.4528707057245966,-1.0162609376761103,0,0,1
1,1,1,-0.030380639963156163,-0.43522201341486766,-0.4528707057245966,3.3817347863133778,0,0,1
0,3,1,0.0005175075255221115,-0.43522201341486766,-0.4528707057245966,-0.7348761382571777,1,0,1
0,3,1,2.246810710627974,-0.43522201341486766,-0.4528707057245966,-0.18287497800433417,0,0,1
1,3,0,-0.9057153074042464,-0.43522201341486766,0.6645216197402156,-0.2801690503163126,0,0,1
0,2,1,0.20591386455885927,0.39366235165641883,-0.4528707057245966,1.3418666587643593,0,0,0
0,2,1,-1.0686956156894836,0.39366235165641883,-0.4528707057245966,0.08343026588340587,0,0,1
0,3,1,-1.854279235674981,-0.43522201341486766,-0.4528707057245966,0.71945882457794,0,0,1
0,2,1,-0.8909160102905468,-0.43522201341486766,-0.4528707057245966,-0.09549096907952832,0,0,1
0,3,1,-0.10916764104727097,-0.43522201341486766,-0.4528707057245966,0.39109825453527325,0,0,1
0,3,1,-0.6427253713366614,-0.43522201341486766,-0.4528707057245966,-0.12002166006521063,0,0,1
0,2,1,-0.030380639963156163,-0.43522201341486766,-0.4528707057245966,1.6747038187188363,0,0,0
1,3,1,-1.971657255100135,-0.43522201341486766,-0.4528707057245966,-1.1984126245089877,0,0,1
0,3,1,-0.17183018945087475,-0.43522201341486766,-0.4528707057245966,-1.1399784695065796,0,0,1
0,3,1,0.9750344692272939,-0.43522201341486766,1.7819139452050277,-0.8245893591345146,0,0,0
0,3,0,0.0533438431868415,0.39366235165641883,-0.4528707057245966,-0.7781065836630265,0,0,0
1,3,0,-2.0413455680053074,2.880315446870278,-0.4528707057245966,-0.9289335920086678,0,1,0
0,2,1,-0.030380639963156163,-0.43522201341486766,-0.4528707057245966,1.1713941611266554,1,0,0
1,3,1,-1.0818702258283373,-0.43522201341486766,-0.4528707057245966,-1.1984126245089877,0,1,0
1,2,1,0.3753494318495457,0.39366235165641883,1.7819139452050277,0.1967020595132438,0,0,0
0,1,1,-0.030380639963156163,1.2225467167277053,-0.4528707057245966,3.0252808208921227,1,0,1
1,1,1,-0.030380639963156163,-0.43522201341486766,-0.4528707057245966,1.4772238224391068,1,0,1
1,2,0,-0.2766022834548232,-0.43522201341486766,4.016698596134652,0.536739518192802,0,0,1
0,3,1,0.8543635048209729,-0.43522201341486766,-0.4528707057245966,-1.1453681966873788,0,0,1
1,3,1,0.2311987769154618,-0.43522201341486766,0.6645216197402156,1.3780495465568308,0,0,1
1,3,0,-1.0816157687878893,-0.43522201341486766,-0.4528707057245966,-0.46299697087716923,0,0,0
1,3,0,-0.030380639963156163,-0.43522201341486766,-0.4528707057245966,-0.2810878683735545,0,1,0
0,2,0,-1.1415412627821562,-0.43522201341486766,-0.4528707057245966,1.609668364995514,1,0,1
1,2,0,1.4047898847235973,0.39366235165641883,-0.4528707057245966,-0.33057139365496957,0,0,1
0,2,1,-0.029802338666810143,-0.43522201341486766,1.7819139452050277,1.6205994884912804,0,1,0
0,3,0,2.5272009606444295,-0.43522201341486766,1.7819139452050277,-0.5888902499877379,0,0,1
0,3,1,-0.14130092602074182,-0.43522201341486766,0.6645216197402156,0.20448102701786977,0,0,0
0,3,0,-0.030380639963156163,-0.43522201341486766,-0.4528707057245966,-0.7069694334083174,0,0,1
1,3,1,-0.030380639963156163,2.880315446870278,0.6645216197402156,-1.1984126245089877,1,0,1
0,3,1,-0.030380639963156163,-0.43522201341486766,-0.4528707057245966,0.18119282441434595,0,0,0
0,1,1,0.30455415959936144,0.39366235165641883,-0.4528707057245966,-1.1984126245089877,0,0,1
0,3,1,0.6331752158935077,-0.43522201341486766,-0.4528707057245966,-0.5124126800857378,1,0,1
1,2,0,-0.030380639963156163,0.39366235165641883,-0.4528707057245966,1.216677708693403,0,0,1
0,3,1,1.158636875807146,-0.43522201341486766,-0.4528707057245966,0.15205256133560305,1,0,1
0,2,1,-0.030380639963156163,-0.43522201341486766,-0.4528707057245966,-0.1648403837759171,0,1,0
0,1,1,0.14087686657246287,-0.43522201341486766,0.6645216197402156,1.3014511387656424,0,0,0
1,3,0,1.1610865906168573,0.39366235165641883,-0.4528707057245966,-1.1984126245089877,0,0,1
0,3,1,-0.030380639963156163,0.39366235165641883,-0.4528707057245966,-0.33086692219721114,1,0,1
1,1,0,-1.270986143928168,-0.43522201341486766,-0.4528707057245966,-1.1984126245089877,1,0,0
0,3,1,-1.0369795711558218,0.39366235165641883,-0.4528707057245966,-0.2927244295599711,0,0,1
1,3,0,-0.030380639963156163,-0.43522201341486766,-0.4528707057245966,1.7405783782709365,0,0,1
0,3,1,-0.23732550701187238,-0.43522201341486766,-0.4528707057245966,-0.7221979019066752,0,1,0
1,1,0,-0.3646384801977079,0.39366235165641883,-0.4528707057245966,2.3754888049022505,0,0,0
0,3,1,-0.9429210371760821,-0.43522201341486766,-0.4528707057245966,-0.4585437504597319,0,0,0
1,2,0,0.17061300150329917,-0.43522201341486766,0.6645216197402156,2.4609440085872833,0,0,1
0,2,0,0.5423354009777819,0.39366235165641883,-0.4528707057245966,0.03782420355683018,0,0,0
1,3,0,-1.5419464386239314,-0.43522201341486766,-0.4528707057245966,-1.1984126245089877,1,0,1
1,3,1,1.8603537426870171,-0.43522201341486766,0.6645216197402156,-0.08101428785662698,1,0,1
1,3,0,-0.19288949983211007,-0.43522201341486766,-0.4528707057245966,-0.41402842074891544,0,0,1
0,3,1,-0.033151175364805816,-0.43522201341486766,-0.4528707057245966,-0.018626049770280106,0,0,0
0,2,1,0.9045198311501004,-0.43522201341486766,-0.4528707057245966,0.06162252545074536,0,0,1
0,3,1,1.2376619580478887,-0.43522201341486766,-0.4528707057245966,0.120276445547426,0,0,1
1,3,0,0.33175469152407533,-0.43522201341486766,-0.4528707057245966,-1.0748684072258947,0,0,1
1,2,0,-0.8918250069238164,0.39366235165641883,-0.4528707057245966,0.28507944714722966,1,0,1
1,3,0,0.43292517386899587,0.39366235165641883,-0.4528707057245966,-0.8731984438924777,0,0,0
0,1,1,-1.6144817690099225,-0.43522201341486766,-0.4528707057245966,3.1182905990218392,1,0,0
0,3,1,-0.030380639963156163,-0.43522201341486766,-0.4528707057245966,-0.9543622746481385,0,0,1
1,3,0,-0.34186999572574184,-0.43522201341486766,-0.4528707057245966,-0.793913852748763,0,0,0
0,1,1,-0.8051635862389098,-0.43522201341486766,-0.4528707057245966,-1.1984126245089877,0,1,0
0,3,1,-0.030380639963156163,-0.43522201341486766,-0.4528707057245966,-0.14273777423087233,0,0,1
0,3,0,-0.030380639963156163,-0.43522201341486766,-0.4528707057245966,0.005981457392577232,0,0,1
0,3,1,-1.4566296126708609,0.39366235165641883,-0.4528707057245966,0.12166129108204779,1,1,0
1,3,0,1.6628199558122432,-0.43522201341486766,1.7819139452050277,-1.1984126245089877,1,0,1
1,2,0,-1.2369576161448843,-0.43522201341486766,-0.4528707057245966,-0.8916473656695206,0,0,1
0,2,1,-0.030380639963156163,-0.43522201341486766,1.7819139452050277,1.0061535592262916,0,0,1
0,3,1,0.5222775645149524,0.39366235165641883,-0.4528707057245966,-0.9640059431281954,1,0,1
0,3,0,-0.030380639963156163,-0.43522201341486766,-0.4528707057245966,-1.1984126245089877,0,0,1
0,3,1,-0.030380639963156163,-0.43522201341486766,-0.4528707057245966,0.3946050378548144,0,0,1
1,3,0,-0.9709650455550601,-0.43522201341486766,-0.4528707057245966,0.4687932223670774,1,0,1
0,3,1,1.8352349011318252,0.39366235165641883,-0.4528707057245966,0.8579775499819422,1,0,1
1,3,0,-0.39890253346237325,-0.43522201341486766,1.7819139452050277,-1.147461518433655,0,0,0
1,1,0,0.33388946974465283,0.39366235165641883,-0.4528707057245966,0.3086831596361711,0,0,1
0,3,1,0.2952982835529094,-0.43522201341486766,-0.4528707057245966,0.3699022895036018,0,0,1
0,3,1,-0.030380639963156163,-0.43522201341486766,-0.4528707057245966,0.5403268069469256,0,0,1
1,3,0,1.0440675400808404,0.39366235165641883,-0.4528707057245966,-0.781431626648536,1,0,1
0,3,1,1.0205095598669043,-0.43522201341486766,1.7819139452050277,-0.8323687280108707,0,0,1
1,3,0,-2.4371359442992175,-0.43522201341486766,-0.4528707057245966,-0.7652228217191562,0,0,1
1,3,1,1.7153675811967457,-0.43522201341486766,-0.4528707057245966,-1.1984126245089877,0,0,0
0,3,1,-2.3201047302179614,-0.43522201341486766,0.6645216197402156,-1.1984126245089877,0,0,1
1,3,0,1.345674510758525,6.195852907155425,-0.4528707057245966,-1.1984126245089877,0,0,0
1,3,1,1.4737490816628203,-0.43522201341486766,-0.4528707057245966,-0.5029201951075841,0,0,1
1,2,1,-0.6175781603429048,2.880315446870278,-0.4528707057245966,0.5524941474877183,0,0,1
0,3,1,-1.5627650370672954,0.39366235165641883,-0.4528707057245966,-0.6600049587591115,0,0,1
0,3,1,-0.35112500230239463,-0.43522201341486766,1.7819139452050277,-0.6420048116197129,1,0,1
0,3,1,-0.47777724573287544,-0.43522201341486766,-0.4528707057245966,-0.19693040909885473,0,0,1
0,3,0,1.001700518239574,0.39366235165641883,-0.4528707057245966,-1.1984126245089877,0,0,1
0,2,1,1.7234859133762725,-0.43522201341486766,1.7819139452050277,1.0077859698563794,1,1,0
0,3,1,-0.8234488580793186,-0.43522201341486766,-0.4528707057245966,-0.7457154936742448,0,0,1
0,2,0,-0.3433730343303182,-0.43522201341486766,-0.4528707057245966,-0.16762870461111828,0,0,0
0,3,1,-2.3485956661523075,-0.43522201341486766,1.7819139452050277,0.6231617793389199,0,0,1
1,1,0,-1.1549313140390867,-0.43522201341486766,-0.4528707057245966,3.765756634952191,0,0,0
1,3,1,-0.030380639963156163,-0.43522201341486766,0.6645216197402156,0.14335577017162213,0,0,1
1,3,1,2.138718387265242,0.39366235165641883,0.6645216197402156,-0.35511613067578957,0,0,1
0,3,1,-1.7377463236432913,-0.43522201341486766,-0.4528707057245966,0.8524162083394043,0,0,1
0,3,1,-0.8646576620086494,1.2225467167277053,-0.4528707057245966,0.07145386528964622,1,0,1
0,2,1,-0.0947073465029308,0.39366235165641883,0.6645216197402156,0.6513339791322946,0,0,1
0,3,1,0.32228364049299335,0.39366235165641883,-0.4528707057245966,0.1272865389772689,0,0,0
1,3,0,-1.1600095411688187,-0.43522201341486766,0.6645216197402156,-0.6941017593047613,0,0,1
0,1,1,-0.030380639963156163,0.39366235165641883,1.7819139452050277,1.9989035646399413,0,0,1
0,3,1,-0.07844826666663089,0.39366235165641883,-0.4528707057245966,-0.19491518444629,0,0,1
1,3,0,0.6842631102588882,-0.43522201341486766,0.6645216197402156,-1.1500521160802795,0,0,0
0,3,1,-0.05005480710828987,0.39366235165641883,0.6645216197402156,1.0844553324807107,0,1,0
0,3,1,-0.65236054306832,6.195852907155425,-0.4528707057245966,0.4288855291523276,0,0,0
0,2,1,-0.20788112971653977,-0.43522201341486766,-0.4528707057245966,0.20983873773097186,0,0,0
1,3,0,-0.030380639963156163,-0.43522201341486766,-0.4528707057245966,-0.48783348829154316,0,0,1
1,3,0,-0.5620777459779883,0.39366235165641883,-0.4528707057245966,-0.14198587061377738,0,0,1
1,1,0,2.1156825855705237,0.39366235165641883,-0.4528707057245966,-1.1984126245089877,0,0,1
1,3,1,-0.46070139550601086,-0.43522201341486766,-0.4528707057245966,-0.8660603065145065,0,0,0
1,3,0,0.8892040025699393,2.880315446870278,-0.4528707057245966,-0.2889025019856662,1,0,1
0,3,1,1.5368886849309074,0.39366235165641883,-0.4528707057245966,1.1750933826981367,0,0,0
0,2,1,0.4439953533539655,-0.43522201341486766,-0.4528707057245966,0.10098600462488376,1,0,0
0,3,1,-0.030380639963156163,-0.43522201341486766,-0.4528707057245966,0.8760011447618449,1,0,0
0,3,1,-0.030380639963156163,-0.43522201341486766,-0.4528707057245966,0.010402277950347488,0,0,0
1,3,0,-2.1954892681502702,-0.43522201341486766,-0.4528707057245966,-0.9920427278298103,1,0,0
0,3,1,-1.5914145666988377,0.39366235165641883,-0.4528707057245966,-0.1888397466350952,0,0,1
0,2,1,-0.030380639963156163,-0.43522201341486766,1.7819139452050277,0.0746840326625236,0,0,1
0,2,1,0.13564022589285166,-0.43522201341486766,-0.4528707057245966,-0.761132262527473,0,0,0
0,3,1,-0.030380639963156163,-0.43522201341486766,-0.4528707057245966,0.12004635742967869,1,0,1
0,3,1,0.622456128351772,0.39366235165641883,1.7819139452050277,-0.14588477811637116,0,0,1
0,3,0,-0.7969328954162395,-0.43522201341486766,-0.4528707057245966,0.2752622711568404,0,1,0
1,3,0,-0.030380639963156163,0.39366235165641883,-0.4528707057245966,-0.7448494717352355,0,1,0
0,3,1,-0.9032645565417751,-0.43522201341486766,-0.4528707057245966,-1.1984126245089877,0,0,1
1,3,0,-0.28749884216110677,-0.43522201341486766,-0.4528707057245966,-0.19327440161000267,0,0,1
0,2,1,-0.7009259034426517,-0.43522201341486766,-0.4528707057245966,-0.3023527795915945,0,0,1
1,3,1,-1.5179307538022195,-0.43522201341486766,2.89930627066984,1.1977184889362842,0,0,1
0,3,1,0.26663219457817533,0.39366235165641883,-0.4528707057245966,-0.40845159025771416,0,0,1
0,3,1,-1.3093332779155324,-0.43522201341486766,0.6645216197402156,0.14074665036264725,0,0,1
0,2,1,-0.4478120506919247,-0.43522201341486766,-0.4528707057245966,0.5164006979674218,0,0,1
1,1,0,1.4387301619234811,-0.43522201341486766,-0.4528707057245966,0.9725039224314757,0,0,1
1,3,0,-1.7312183673363286,-0.43522201341486766,-0.4528707057245966,-0.8822400912558225,0,0,0
1,3,0,0.6168177749872257,-0.43522201341486766,0.6645216197402156,0.5799039432280119,0,0,0
0,3,1,-0.6917036124267334,-0.43522201341486766,2.89930627066984,-0.7196379876335076,1,0,0
1,3,0,-0.030380639963156163,-0.43522201341486766,-0.4528707057245966,0.19672020661508424,1,1,0
1,3,0,-0.030380639963156163,-0.43522201341486766,-0.4528707057245966,0.28466687578083816,0,0,1
0,3,1,0.2863452346167547,-0.43522201341486766,-0.4528707057245966,-0.9953381881622704,0,0,1
0,2,0,0.5773638697898317,-0.43522201341486766,1.7819139452050277,0.40335006317954325,1,0,0
1,1,0,0.0744859090698587,2.880315446870278,-0.4528707057245966,3.366193750881785,0,0,1
1,3,0,0.36021865493771654,-0.43522201341486766,0.6645216197402156,-1.0413237053403743,1,0,1
1,3,1,-0.5915090305375503,0.39366235165641883,-0.4528707057245966,0.07638538655103484,0,0,1
0,3,1,0.30727494568509656,-0.43522201341486766,-0.4528707057245966,-0.903486553023037,0,0,0
1,1,0,-0.030380639963156163,-0.43522201341486766,-0.4528707057245966,2.3053019454883104,0,0,1
0,2,0,0.45413996691054065,-0.43522201341486766,0.6645216197402156,0.20025367631589297,0,0,1
1,3,0,-0.030380639963156163,-0.43522201341486766,-0.4528707057245966,-0.270764649295849,1,0,0
1,2,0,-0.030380639963156163,-0.43522201341486766,0.6645216197402156,0.8156794225078059,0,0,1
0,2,1,-0.12869587015500153,1.2225467167277053,0.6645216197402156,0.2208716492103654,0,0,0
0,3,0,-2.470461411115955,-0.43522201341486766,-0.4528707057245966,0.1779896575633021,1,0,1
0,3,0,-1.29076349138388,0.39366235165641883,-0.4528707057245966,-0.5275589642027588,0,0,0
0,3,1,-0.9480404842189073,-0.43522201341486766,-0.4528707057245966,-1.1984126245089877,1,0,1
1,2,0,-0.030380639963156163,-0.43522201341486766,-0.4528707057245966,-0.5307513673824621,0,0,1
1,3,0,1.8107143726324757,0.39366235165641883,-0.4528707057245966,0.5977967550146078,1,0,0
1,3,0,-0.030380639963156163,-0.43522201341486766,-0.4528707057245966,-0.36172251219405493,1,0,0
0,3,0,-0.030380639963156163,2.0514310817989916,-0.4528707057245966,-1.1984126245089877,1,0,1
0,2,1,-0.030380639963156163,-0.43522201341486766,0.6645216197402156,-1.125761671829541,0,0,1
1,3,0,0.6500381125185732,-0.43522201341486766,-0.4528707057245966,0.01913352849972988,0,0,1
1,3,0,0.8188290863372755,-0.43522201341486766,-0.4528707057245966,-0.33650122410282407,0,0,1
0,3,1,0.6969404302914916,-0.43522201341486766,1.7819139452050277,0.7779616353716254,0,0,0
0,2,1,0.06305690286574694,-0.43522201341486766,-0.4528707057245966,-0.45746876535982967,0,0,0
1,3,0,-0.32720921259138486,-0.43522201341486766,1.7819139452050277,-0.514201656281492,0,0,1
1,2,0,-0.2645516138397546,-0.43522201341486766,-0.4528707057245966,-0.5883813302025167,0,0,0
1,1,0,-0.030380639963156163,-0.43522201341486766,-0.4528707057245966,1.701015146699215,1,0,1
1,1,1,0.7485629244006522,-0.43522201341486766,-0.4528707057245966,2.401703020847788,1,1,0
0,1,1,0.8333630361431605,-0.43522201341486766,-0.4528707057245966,3.6967873663179915,1,0,1
0,3,1,0.2060889754423445,-0.43522201341486766,-0.4528707057245966,1.2869412751435312,0,1,0
0,2,1,-0.030380639963156163,-0.43522201341486766,-0.4528707057245966,-0.4727304500749497,1,0,1
1,3,1,1.4702228875373855,0.39366235165641883,-0.4528707057245966,-1.1984126245089877,0,0,1
0,3,1,1.230031026751375,1.2225467167277053,-0.4528707057245966,-0.36016636819432224,1,1,0
1,3,0,-0.030380639963156163,-0.43522201341486766,-0.4528707057245966,-0.011730514615727725,1,0,1
1,1,1,0.4948804019488936,-0.43522201341486766,1.7819139452050277,-0.06429199922664908,0,0,1
0,1,1,-1.3804336196721962,-0.43522201341486766,-0.4528707057245966,0.1928430408623519,0,0,1
1,1,1,-0.9112483967879359,0.39366235165641883,0.6645216197402156,3.0671957801066374,0,0,1
0,2,1,-0.030380639963156163,-0.43522201341486766,-0.4528707057245966,0.7505299933321682,0,0,1
0,1,1,1.237646195369991,-0.43522201341486766,-0.4528707057245966,-0.42692888304802623,1,0,1
1,1,0,-0.030380639963156163,-0.43522201341486766,-0.4528707057245966,2.6579960013215356,0,0,1
1,3,1,0.6433131130500377,-0.43522201341486766,-0.4528707057245966,-0.7821862627575432,1,0,1
0,2,1,0.5287088182215139,-0.43522201341486766,-0.4528707057245966,-1.0249810083674633,0,0,1
1,3,0,1.0299232083198073,0.39366235165641883,-0.4528707057245966,-0.06772901738922095,0,0,0
1,3,1,0.9671934392729339,2.0514310817989916,-0.4528707057245966,-0.5476168431659107,0,0,1
0,3,1,0.9046414652109259,-0.43522201341486766,0.6645216197402156,-0.5376957423412565,0,0,1
0,3,1,0.4192479744659324,-0.43522201341486766,-0.4528707057245966,0.34767195089761566,0,0,0
0,1,1,1.3968233544044435,-0.43522201341486766,-0.4528707057245966,-0.47573414507956097,1,0,0
0,3,1,-0.09486445221618293,-0.43522201341486766,-0.4528707057245966,0.5603472682370493,0,0,1
1,3,1,-0.030380639963156163,-0.43522201341486766,-0.4528707057245966,-0.3086033511838555,0,0,1
0,1,1,-0.28059332653421687,-0.43522201341486766,-0.4528707057245966,-1.1984126245089877,0,0,1
0,2,1,-1.0720036919229188,-0.43522201341486766,-0.4528707057245966,0.7660812155936785,1,0,1
1,3,0,-0.9771649069871489,-0.43522201341486766,-0.4528707057245966,-0.4331549213519504,1,0,1
1,3,0,-0.030380639963156163,-0.43522201341486766,-0.4528707057245966,-1.1984126245089877,0,0,1
0,2,1,-0.030380639963156163,3.709199811941565,-0.4528707057245966,1.2871196424811095,0,0,1
0,3,1,0.2313308235334783,-0.43522201341486766,-0.4528707057245966,-0.5646319062411199,0,0,1
0,3,1,-0.057150668253643934,-0.43522201341486766,-0.4528707057245966,-0.18106798400815158,0,0,1
0,2,1,-1.1701907568321115,0.39366235165641883,-0.4528707057245966,0.22101399820547396,0,0,1
1,3,0,0.8379127435776244,6.195852907155425,-0.4528707057245966,0.8037045608688854,0,0,1
1,3,1,1.216488477425658,-0.43522201341486766,-0.4528707057245966,-0.8811519802453167,1,0,1
1,1,0,-2.2453862942530476,0.39366235165641883,1.7819139452050277,1.991526785428507,0,0,1
0,2,1,-1.0962452808366636,-0.43522201341486766,-0.4528707057245966,-0.5452880278045739,1,0,1
1,3,0,-1.1049744333311542,-0.43522201341486766,-0.4528707057245966,-1.1984126245089877,0,0,1
0,3,1,-0.030380639963156163,-0.43522201341486766,-0.4528707057245966,-0.10601410574452885,0,0,1
0,3,1,1.069457725829627,-0.43522201341486766,-0.4528707057245966,0.8853699859506245,1,0,1
0,3,1,-0.030380639963156163,0.39366235165641883,-0.4528707057245966,-0.43288736704306374,1,0,1
0,1,1,-0.4185822885995262,-0.43522201341486766,2.89930627066984,-0.17550367323579963,0,0,1
0,3,1,-0.030380639963156163,-0.43522201341486766,-0.4528707057245966,0.14399500645320126,0,0,1
0,2,1,0.022729752713293486,-0.43522201341486766,-0.4528707057245966,1.3922064020774705,0,0,1
0,2,1,0.3184965553730373,0.39366235165641883,-0.4528707057245966,-0.5259339808241567,0,0,1
0,1,1,1.7919715602247632,0.39366235165641883,-0.4528707057245966,2.914405356888949,0,1,0
0,2,0,-0.030380639963156163,0.39366235165641883,-0.4528707057245966,0.43348348805316467,0,0,1
0,2,1,0.19128100145568874,-0.43522201341486766,-0.4528707057245966,0.21815028738189124,0,0,1
0,1,1,2.390257136365215,0.39366235165641883,-0.4528707057245966,-1.1984126245089877,0,0,1
0,3,1,1.626419096198623,-0.43522201341486766,-0.4528707057245966,1.424978115339308,0,0,0
1,3,0,0.22638747521013322,-0.43522201341486766,0.6645216197402156,-0.46034372398174306,0,0,1
0,3,1,-0.7275117544419999,-0.43522201341486766,-0.4528707057245966,-0.20674087522286996,0,1,0
1,3,1,1.0390542988869877,-0.43522201341486766,-0.4528707057245966,0.1642421581444771,0,0,1
1,3,0,-1.3830036619785855,-0.43522201341486766,-0.4528707057245966,-0.7537173476132834,0,0,1
0,3,1,-0.030380639963156163,0.39366235165641883,-0.4528707057245966,-0.7835171300751557,0,0,1
0,3,1,1.3833025596110826,-0.43522201341486766,0.6645216197402156,0.01686491514828585,1,0,1
1,2,1,0.47497214314453245,2.880315446870278,-0.4528707057245966,0.40987837963326434,0,0,1
0,2,1,-0.09357641894306885,-0.43522201341486766,0.6645216197402156,-0.5402640367395265,0,0,1
0,2,1,-2.465079710879985,-0.43522201341486766,-0.4528707057245966,-1.0044341987497334,0,0,1
0,3,1,-1.0037361334073116,-0.43522201341486766,-0.4528707057245966,-0.8079370165581333,0,0,0
1,3,0,-0.6154945448434751,-0.43522201341486766,-0.4528707057245966,-1.1984126245089877,0,1,0
0,2,1,-0.7716531126308769,-0.43522201341486766,-0.4528707057245966,-0.08856584056978979,1,0,1
1,3,0,0.1484420844471018,-0.43522201341486766,-0.4528707057245966,-0.6788129155455337,1,0,1
1,3,0,-0.030380639963156163,-0.43522201341486766,-0.4528707057245966,-0.17697143828608997,0,0,1
0,2,1,-0.030380639963156163,0.39366235165641883,-0.4528707057245966,1.1619528168669273,0,0,1
1,1,0,0.15229934337194567,-0.43522201341486766,-0.4528707057245966,2.0515244089514098,0,0,0
0,1,0,1.0635047244485347,-0.43522201341486766,0.6645216197402156,1.8423032708750626,1,0,0
1,2,1,-0.030380639963156163,0.39366235165641883,1.7819139452050277,0.9292065272529701,0,0,1
0,1,1,-0.9539575399301996,-0.43522201341486766,2.89930627066984,-1.1984126245089877,0,0,1
1,3,0,-0.030380639963156163,-0.43522201341486766,0.6645216197402156,-0.5183782268499093,0,0,1
0,1,1,-1.889438133725278,-0.43522201341486766,-0.4528707057245966,3.167947674658642,0,1,0
1,3,0,-1.173141332222366,0.39366235165641883,-0.4528707057245966,0.14034248460043075,0,0,1
0,2,1,-0.706543913910851,0.39366235165641883,-0.4528707057245966,0.7086476373135162,0,0,1
1,3,0,1.13055001431414,-0.43522201341486766,-0.4528707057245966,-0.8328627496905235,0,0,1
1,1,1,0.2983444284354963,0.39366235165641883,-0.4528707057245966,2.2527043954034855,0,0,1
0,2,1,0.20452980580790245,-0.43522201341486766,-0.4528707057245966,0.5625626210016453,0,0,1
0,3,1,1.0985973609045636,-0.43522201341486766,-0.4528707057245966,-0.8726790110682285,1,1,0
0,3,1,-0.24564286038861471,-0.43522201341486766,-0.4528707057245966,0.5959190545439591,1,0,1
0,3,1,0.47231824193766164,-0.43522201341486766,-0.4528707057245966,0.1586858680046896,0,1,0
1,2,0,-0.1991921305075864,0.39366235165641883,1.7819139452050277,0.3257316664179387,0,0,1
1,3,1,-0.8514561449570687,-0.43522201341486766,-0.4528707057245966,-0.6294824194249045,1,0,0
0,3,1,-0.24143628364913866,-0.43522201341486766,-0.4528707057245966,-0.5985960231768959,0,0,1
0,3,1,-0.030380639963156163,-0.43522201341486766,-0.4528707057245966,0.07869568074583916,0,0,1
0,2,1,1.201043815684418,-0.43522201341486766,-0.4528707057245966,0.3512723643119956,1,0,0
0,3,1,-0.030380639963156163,0.39366235165641883,-0.4528707057245966,-0.5971254347746454,0,0,1
0,2,1,0.06180131945836855,-0.43522201341486766,-0.4528707057245966,0.02669566432236871,0,0,1
0,2,1,0.20959761739255142,-0.43522201341486766,-0.4528707057245966,-0.4228800967158009,0,0,0
0,3,1,-0.030380639963156163,-0.43522201341486766,-0.4528707057245966,-0.10121336453764283,0,0,1
1,2,0,-0.4887112762287375,0.39366235165641883,-0.4528707057245966,-0.6996372806853823,0,0,0
0,3,0,1.5787280306900364,-0.43522201341486766,-0.4528707057245966,-0.2912455789369681,0,1,0
0,2,1,-0.24846456897667055,1.2225467167277053,-0.4528707057245966,-0.391806727335039,0,0,1
0,3,1,-0.6711358328577394,-0.43522201341486766,-0.4528707057245966,-0.4736629804702803,0,0,1
1,1,0,-0.058072223261202156,-0.43522201341486766,-0.4528707057245966,-0.6161231871366333,1,0,1
1,3,0,-2.022715398841677,2.880315446870278,-0.4528707057245966,-0.772019444555341,1,0,1
0,2,1,-0.8076281815363254,-0.43522201341486766,-0.4528707057245966,0.5043743220612577,0,0,0
1,1,0,-1.7191980890826903,-0.43522201341486766,0.6645216197402156,-1.1984126245089877,0,0,1
1,1,1,-0.7499604398853077,-0.43522201341486766,-0.4528707057245966,-1.1984126245089877,0,0,1
0,3,1,-0.25980049824457174,-0.43522201341486766,0.6645216197402156,-0.008476444897906105,0,0,1
0,2,1,-0.6752968674698387,-0.43522201341486766,-0.4528707057245966,-0.20789028802492662,0,0,1
0,3,1,1.9168496796983658,6.195852907155425,1.7819139452050277,-0.9478100351878739,0,1,0
1,2,0,0.38564645870132075,-0.43522201341486766,-0.4528707057245966,0.6995644636857868,0,0,1
0,3,1,0.349913567960761,-0.43522201341486766,-0.4528707057245966,-0.8822016424340432,0,1,0
1,3,1,0.7875331036134724,-0.43522201341486766,-0.4528707057245966,-0.4885742316001078,0,0,1
0,3,1,-1.6078262098752463,-0.43522201341486766,-0.4528707057245966,-0.9438806861893416,0,0,1
0,3,1,-0.030380639963156163,0.39366235165641883,1.7819139452050277,-0.06525306005515878,0,0,0
1,2,1,-0.16184460400026177,-0.43522201341486766,0.6645216197402156,1.3303494445094834,0,0,1
0,2,1,0.8531944721383729,-0.43522201341486766,-0.4528707057245966,-1.1984126245089877,0,0,1
0,3,1,-1.5167259024203825,-0.43522201341486766,-0.4528707057245966,-0.20499018652131357,0,0,1
1,3,0,-2.1722062740063373,-0.43522201341486766,-0.4528707057245966,0.3399045589606191,0,0,0
0,3,1,-0.030380639963156163,-0.43522201341486766,-0.4528707057245966,-0.5962196003559527,0,0,1
0,1,1,0.4532002515240271,-0.43522201341486766,-0.4528707057245966,-1.1984126245089877,0,0,1
0,3,0,-1.2857569559782271,0.39366235165641883,-0.4528707057245966,0.02082952939282687,0,0,1
1,3,0,-1.2417022955991175,2.0514310817989916,-0.4528707057245966,0.446157982987175,1,0,1
0,3,1,2.175566264003628,-0.43522201341486766,-0.4528707057245966,-0.21578944635975544,0,0,1
1,3,0,-1.2838107612252103,-0.43522201341486766,-0.4528707057245966,-0.94599168144002,0,0,0
1,3,0,0.8095475731851671,-0.43522201341486766,4.016698596134652,0.34624504959483426,0,0,1
0,3,1,0.7616625726728782,-0.43522201341486766,-0.4528707057245966,-1.1210816071986165,0,0,1
0,3,1,-1.4219613740657593,-0.43522201341486766,-0.4528707057245966,-0.34243312947736065,0,0,1
0,3,0,0.9488757056067885,0.39366235165641883,-0.4528707057245966,-0.9156351564434663,0,0,1
0,3,1,-0.7568612141193962,-0.43522201341486766,-0.4528707057245966,-0.6552835091938312,0,0,1
1,2,0,-0.030380639963156163,-0.43522201341486766,-0.4528707057245966,-0.694634257076136,0,0,1
0,3,1,-0.030380639963156163,-0.43522201341486766,0.6645216197402156,-0.3249062813786787,0,0,1
0,3,1,-0.31862548339406377,0.39366235165641883,-0.4528707057245966,1.2836328973315745,0,0,1
1,2,0,1.0084249931681102,-0.43522201341486766,1.7819139452050277,1.0165353244985487,1,0,1
0,3,1,-0.030380639963156163,0.39366235165641883,-0.4528707057245966,0.05773710638820676,0,0,0
1,2,0,-0.41637331439326003,-0.43522201341486766,0.6645216197402156,-0.14069168103395424,0,0,1
1,3,0,-0.0282323408019265,-0.43522201341486766,-0.4528707057245966,-0.4892170762762651,0,0,1
1,3,0,0.6853986929585887,-0.43522201341486766,1.7819139452050277,-0.42218244169134633,0,0,1
1,3,1,1.4569051774370354,-0.43522201341486766,1.7819139452050277,-0.002457892463687119,0,0,1
0,2,1,0.9142682067639417,-0.43522201341486766,-0.4528707057245966,0.17788178457528855,0,0,1
1,3,0,0.9180827534252436,-0.43522201341486766,-0.4528707057245966,-0.5003566101588733,1,0,0
1,3,0,0.5376224444153833,-0.43522201341486766,1.7819139452050277,-0.7226688364180501,0,0,1
1,3,1,-0.03210785803132032,-0.43522201341486766,-0.4528707057245966,-1.1984126245089877,0,0,1
0,3,1,-0.030380639963156163,-0.43522201341486766,-0.4528707057245966,1.3279413199497831,1,0,1
1,3,1,-0.5403549875355813,1.2225467167277053,0.6645216197402156,0.590951807887191,0,0,0
1,2,1,-0.8390009901492314,0.39366235165641883,1.7819139452050277,-0.9126127747278682,1,0,0
0,3,1,-0.030380639963156163,0.39366235165641883,0.6645216197402156,0.46236190582212566,0,0,1
1,3,0,-0.030380639963156163,-0.43522201341486766,-0.4528707057245966,-0.5830061020633464,0,0,1
0,3,0,-0.030380639963156163,-0.43522201341486766,-0.4528707057245966,0.07060979412167868,0,0,0
1,3,0,0.1653166298603828,-0.43522201341486766,-0.4528707057245966,-0.6217275052847165,1,0,1
1,3,1,-0.030380639963156163,0.39366235165641883,-0.4528707057245966,0.8323628058073156,0,0,1
0,2,1,0.27303372936318576,-0.43522201341486766,4.016698596134652,-0.6166461438500377,0,0,1
0,2,1,-0.3623890876810558,2.0514310817989916,-0.4528707057245966,0.7570723260033152,1,0,0
0,3,1,1.9677154260354432,-0.43522201341486766,-0.4528707057245966,0.4880009834112048,0,0,1
0,3,1,-1.1857084043967452,2.880315446870278,-0.4528707057245966,0.06366207058070199,1,0,1
0,3,1,-0.19923702678014266,-0.43522201341486766,0.6645216197402156,-0.3385978634260919,1,0,1
0,3,1,-0.030380639963156163,0.39366235165641883,-0.4528707057245966,-1.1183144960712261,1,0,1
0,2,1,-0.29798674753279236,-0.43522201341486766,0.6645216197402156,0.0459235450940266,1,0,0
0,3,1,2.2011341507457076,-0.43522201341486766,-0.4528707057245966,0.09559553882977245,0,0,1
0,1,1,-0.030380639963156163,-0.43522201341486766,1.7819139452050277,3.7399162315146284,0,0,1
1,3,0,-0.030380639963156163,-0.43522201341486766,-0.4528707057245966,0.299016791514233,0,0,1
1,1,1,-1.772860989545674,1.2225467167277053,-0.4528707057245966,2.367959684829115,1,0,1
0,2,0,-0.030380639963156163,-0.43522201341486766,-0.4528707057245966,-0.10543744826383485,0,0,1
1,3,0,-0.030380639963156163,-0.43522201341486766,-0.4528707057245966,0.3212501059835101,0,0,0
1,1,0,1.6844959714002146,2.0514310817989916,-0.4528707057245966,2.2664734762081653,1,0,1
0,3,1,0.6997786073669352,-0.43522201341486766,-0.4528707057245966,0.46970773728954346,0,0,1
1,3,0,-1.570590635023952,3.709199811941565,-0.4528707057245966,-0.791973658483896,0,0,1
1,3,1,0.2765043781061976,-0.43522201341486766,-0.4528707057245966,-0.8199630838133081,0,0,1
0,3,0,0.6188887072317937,0.39366235165641883,-0.4528707057245966,-1.1984126245089877,1,0,1
1,3,0,1.492035418341025,-0.43522201341486766,-0.4528707057245966,-0.6932629624341122,0,0,1
1,2,0,2.0910542247819244,-0.43522201341486766,-0.4528707057245966,1.3101288195619278,0,0,1
0,2,0,-1.4395170603641805,-0.43522201341486766,-0.4528707057245966,-1.1984126245089877,0,1,0
0,1,1,-1.161715214671871,-0.43522201341486766,-0.4528707057245966,-0.5391891475096656,0,0,1
0,3,1,-1.7693422908921195,-0.43522201341486766,-0.4528707057245966,0.0340906225766315,0,0,1
0,3,1,-0.37710314628822456,-0.43522201341486766,-0.4528707057245966,-1.1984126245089877,0,0,0
0,2,1,-0.030380639963156163,-0.43522201341486766,0.6645216197402156,-0.264806111694682,0,0,0
0,3,0,1.2841777694946728,0.39366235165641883,-0.4528707057245966,0.5481226354718779,0,0,1
0,3,1,-0.1620986030020299,-0.43522201341486766,-0.4528707057245966,1.2089148540211985,0,0,1
0,3,1,-0.030380639963156163,-0.43522201341486766,-0.4528707057245966,-0.9661008011230707,0,0,1
0,3,0,-1.1947480972155355,-0.43522201341486766,-0.4528707057245966,-0.9907564488381753,0,0,1
0,3,1,-0.030380639963156163,0.39366235165641883,-0.4528707057245966,-0.1813683529643194,1,0,1
1,3,0,0.19249298222467798,-0.43522201341486766,-0.4528707057245966,1.073339862597735,1,0,1
0,3,1,-0.030380639963156163,-0.43522201341486766,-0.4528707057245966,0.42356277815525323,0,0,0
0,3,1,-0.049541231574950106,0.39366235165641883,-0.4528707057245966,-0.22590261588575686,0,0,1
1,3,0,-0.3172806204097641,-0.43522201341486766,-0.4528707057245966,-0.5330304679026345,1,0,1
0,3,1,-0.54498606182895,0.39366235165641883,-0.4528707057245966,1.9206296782818921,1,0,1
0,3,1,-0.30415833244581697,-0.43522201341486766,2.89930627066984,0.17144489193902804,0,0,1
1,1,1,1.8085521804624678,0.39366235165641883,-0.4528707057245966,0.9315202009862074,1,0,0
0,3,1,2.0269795080659687,-0.43522201341486766,1.7819139452050277,-0.9302015823269334,1,1,0
0,2,1,-1.9956506831427183,2.0514310817989916,-0.4528707057245966,-1.1984126245089877,0,0,1
0,3,1,-0.030380639963156163,-0.43522201341486766,-0.4528707057245966,-0.058504375602910365,0,0,1
0,3,1,-0.6426467462896485,-0.43522201341486766,0.6645216197402156,1.0180582628010333,1,0,0
0,3,0,0.741757250033302,-0.43522201341486766,0.6645216197402156,-1.1984126245089877,0,0,1
0,3,1,-0.030380639963156163,-0.43522201341486766,-0.4528707057245966,-0.24702942792970384,1,0,1
1,1,0,0.5698549019423736,-0.43522201341486766,-0.4528707057245966,0.7333622677150367,0,0,1
0,3,1,-0.030380639963156163,-0.43522201341486766,1.7819139452050277,-0.4137305549912439,1,0,0
0,1,1,0.1992471544219234,-0.43522201341486766,-0.4528707057245966,-1.1984126245089877,0,1,0
0,3,1,-0.9592156329349263,0.39366235165641883,-0.4528707057245966,-1.006119644646657,0,0,1
0,3,1,0.5204995770396471,-0.43522201341486766,0.6645216197402156,-0.8956633137198692,0,0,1
1,3,1,-0.030380639963156163,-0.43522201341486766,-0.4528707057245966,0.6971439735745354,0,0,1
0,3,1,-0.9313380574174753,-0.43522201341486766,-0.4528707057245966,0.6597456765883651,0,0,1
0,2,1,0.6048114117702004,-0.43522201341486766,-0.4528707057245966,-0.09224274813493219,0,0,0
0,3,1,0.9202212753969485,-0.43522201341486766,-0.4528707057245966,-0.5267720220664819,0,0,1
0,2,1,-1.3597309552201546,-0.43522201341486766,-0.4528707057245966,0.42382081783680253,0,0,1
1,2,1,0.5837746162518108,-0.43522201341486766,-0.4528707057245966,-0.30353961096775567,0,0,0
0,3,0,-0.030380639963156163,-0.43522201341486766,2.89930627066984,-0.271491073073836,1,0,1
1,3,1,0.42491338149113045,-0.43522201341486766,-0.4528707057245966,0.28917047579645205,0,0,0
0,2,0,-0.030380639963156163,-0.43522201341486766,-0.4528707057245966,0.28940138162641127,0,0,1
1,2,0,-0.030380639963156163,-0.43522201341486766,-0.4528707057245966,0.21430241091851246,0,0,0
1,3,1,-0.030380639963156163,0.39366235165641883,0.6645216197402156,0.07445735421834507,0,0,1
1,3,1,-0.030380639963156163,-0.43522201341486766,-0.4528707057245966,0.2008245286681484,1,0,1
0,3,1,-0.6737216572674257,-0.43522201341486766,-0.4528707057245966,-0.6348223284236221,1,0,0
1,1,0,0.302856062289886,-0.43522201341486766,0.6645216197402156,-1.1984126245089877,0,0,1
0,3,1,-0.6528146382861447,-0.43522201341486766,-0.4528707057245966,-0.4415578134219152,1,0,1
1,2,1,-0.030380639963156163,0.39366235165641883,-0.4528707057245966,-1.1984126245089877,0,0,1
1,2,0,-0.030380639963156163,2.0514310817989916,-0.4528707057245966,-1.1984126245089877,0,1,0
0,3,1,-0.5462030686144215,-0.43522201341486766,1.7819139452050277,0.47962982192555015,0,0,1
1,3,1,-0.9395739014555212,-0.43522201341486766,-0.4528707057245966,-0.27726568307492516,0,0,1
1,1,1,-0.030380639963156163,-0.43522201341486766,4.016698596134652,-1.1984126245089877,0,0,1
0,3,1,-0.3052906837071867,-0.43522201341486766,-0.4528707057245966,0.07217636863250783,0,0,1
1,3,1,1.7384416538343284,-0.43522201341486766,1.7819139452050277,0.08493535312155702,0,0,1
0,1,0,1.8721474888270204,-0.43522201341486766,-0.4528707057245966,3.4247418330705073,0,0,1
0,2,1,-0.8754838762483426,2.0514310817989916,-0.4528707057245966,0.3785150624362925,0,0,1
1,3,1,1.311625393280173,-0.43522201341486766,-0.4528707057245966,-0.6312075092808893,0,0,1
0,3,1,-0.9900208653045357,-0.43522201341486766,-0.4528707057245966,-0.26563057932845896,0,1,0
1,3,0,-0.030380639963156163,-0.43522201341486766,-0.4528707057245966,-0.47588868126622474,0,0,1
1,3,0,-0.030380639963156163,-0.43522201341486766,-0.4528707057245966,0.3838369335086905,0,0,1
0,3,1,0.93519182942616,-0.43522201341486766,-0.4528707057245966,-0.9275207152263353,0,1,0
0,1,1,-1.3563346045833706,3.709199811941565,-0.4528707057245966,0.031742180878587906,0,0,1
0,3,0,0.874737032913638,2.0514310817989916,-0.4528707057245966,0.8170422785530939,1,0,1
0,3,1,0.08524682447632273,-0.43522201341486766,-0.4528707057245966,-0.668704113749628,0,0,1
0,3,1,-2.1864649951790955,-0.43522201341486766,-0.4528707057245966,-0.7740055657036871,0,1,0
0,3,1,2.1409351680669846,-0.43522201341486766,0.6645216197402156,-1.1984126245089877,0,1,0
1,2,0,0.08315414225196609,-0.43522201341486766,1.7819139452050277,0.548776529190098,0,0,0
1,2,0,-1.2813125084655788,-0.43522201341486766,-0.4528707057245966,0.8971562705565505,1,0,1
1,3,0,-1.868277164934143,-0.43522201341486766,-0.4528707057245966,-0.44984398101561585,0,0,1
0,1,1,1.1948341276284529,-0.43522201341486766,-0.4528707057245966,2.713090898396801,0,0,1
0,3,1,-0.23228211001877166,-0.43522201341486766,0.6645216197402156,0.2549083921777167,1,0,1
0,3,1,1.9966760204728042,-0.43522201341486766,1.7819139452050277,-0.19268185605818566,1,0,0
0,2,0,-2.032673219740237,-0.43522201341486766,-0.4528707057245966,-1.1984126245089877,0,0,0
0,2,1,-0.030380639963156163,-0.43522201341486766,-0.4528707057245966,0.9909411167637302,0,1,0
0,3,1,-1.762290472810298,2.0514310817989916,1.7819139452050277,-0.5728287298180397,0,0,0
0,2,1,-0.030380639963156163,-0.43522201341486766,1.7819139452050277,-0.9224063442382124,1,1,0
0,1,1,1.1475500244219488,0.39366235165641883,-0.4528707057245966,2.125138799214131,0,0,1
1,1,0,-0.6311087144162099,-0.43522201341486766,-0.4528707057245966,-1.1984126245089877,0,0,0
0,3,1,-0.030380639963156163,-0.43522201341486766,-0.4528707057245966,-1.1984126245089877,0,0,1
0,3,1,0.2118180543600995,-0.43522201341486766,1.7819139452050277,-0.18280276018811348,0,0,1
0,3,0,-1.5156329125887484,-0.43522201341486766,-0.4528707057245966,-0.7949982563528999,0,0,1
1,1,0,1.5632531871513446,-0.43522201341486766,6.251483247064277,2.134105960809478,1,0,1
0,3,1,-2.4780174554930334,1.2225467167277053,-0.4528707057245966,-1.1984126245089877,0,1,0
1,1,0,0.37599867431872513,-0.43522201341486766,-0.4528707057245966,0.39311783381821064,0,0,1
0,3,1,-0.7445735663874452,-0.43522201341486766,-0.4528707057245966,0.36404094753363864,0,0,1
1,2,1,-0.7215165268009667,6.195852907155425,-0.4528707057245966,1.513534779639373,0,0,1
1,3,0,-0.9778855443409435,-0.43522201341486766,-0.4528707057245966,-0.22496352085275687,1,1,0
