PassengerId,Survived,Pclass,Name,Sex,Age,SibSp,Parch,Ticket,Fare,Cabin,Embarked,FamilySize,IsAlone,AgeGroup,FareGroup
1,1,2,"Passenger, Person 1",female,60.9809690923498,0,1,340001,21.10398142734432,,S,2,0,Senior,Medium-High
2,0,3,"Passenger, Person 2",female,20.917133616451594,1,1,340002,7.29155082574493,A10,S,3,0,Adult,Low
3,0,3,"Passenger, Person 3",male,40.46038289413495,0,0,340003,10.84111219149544,,S,1,1,Middle-Aged,Medium-Low
4,1,3,"Passenger, Person 4",female,,0,0,340004,11.923462937628702,,S,1,1,,Medium-Low
5,0,1,"Passenger, Person 5",male,48.57524869628257,0,0,PC 17005,117.69512359967484,,S,1,1,Middle-Aged,High
6,1,1,"Passenger, Person 6",male,52.34191235253936,0,3,PC 17006,150.21182713805322,,Q,4,0,Middle-Aged,High
7,1,1,"Passenger, Person 7",female,30.164060161453616,0,0,PC 17007,95.57771767475856,,S,1,1,Adult,High
8,1,3,"Passenger, Person 8",male,18.77544087998034,0,1,340008,10.154911952643918,B96 B98,C,2,0,Adult,Medium-Low
9,0,3,"Passenger, Person 9",male,,0,0,340009,13.95239891905383,B96 B98,S,1,1,,Medium-Low
10,0,3,"Passenger, Person 10",male,19.873127138594462,0,0,340010,9.948393360144165,C22 C26,S,1,1,Adult,Medium-Low
11,0,1,"Passenger, Person 11",male,58.89411508913604,0,0,PC 17011,0.0,,S,1,1,Middle-Aged,Low
12,0,3,"Passenger, Person 12",male,31.679762300699693,0,0,340012,25.691407884185324,F2,S,1,1,Adult,Medium-High
13,0,3,"Passenger, Person 13",male,24.402837505974425,1,1,340013,23.61782748736584,,C,3,0,Adult,Medium-High
14,0,1,"Passenger, Person 14",male,,0,1,PC 17014,239.24005149928652,,S,2,0,,High
15,1,1,"Passenger, Person 15",female,,0,1,PC 17015,262.0289459052534,,S,2,0,,High
16,1,1,"Passenger, Person 16",female,15.611596441595552,0,0,PC 17016,0.0,,Q,1,1,Teens,Low
17,0,2,"Passenger, Person 17",male,47.10600166519416,1,0,340017,16.29980103507523,,S,2,0,Middle-Aged,Medium-Low
18,1,3,"Passenger, Person 18",male,20.17503295491476,0,0,340018,41.30693556557157,,Q,1,1,Adult,High
19,0,2,"Passenger, Person 19",male,14.519790751111875,0,0,340019,20.132841997430948,,Q,1,1,Teens,Medium-High
20,0,2,"Passenger, Person 20",male,37.48146491164565,1,0,340020,23.834741733107776,,S,2,0,Middle-Aged,Medium-High
21,0,3,"Passenger, Person 21",male,46.892710242613454,1,0,340021,0.0,,S,2,0,Middle-Aged,Low
22,0,1,"Passenger, Person 22",male,40.12482300464347,0,0,PC 17022,95.8725132629884,,S,1,1,Middle-Aged,High
23,1,2,"Passenger, Person 23",male,44.14269144418434,0,6,340023,45.77522487186816,,S,7,0,Middle-Aged,High
24,1,2,"Passenger, Person 24",male,,1,0,340024,37.38613553134587,,S,2,0,,High
25,0,3,"Passenger, Person 25",male,9.083745332243264,5,0,340025,6.970169163296022,,Q,6,0,Child,Low
26,0,3,"Passenger, Person 26",male,,1,0,340026,9.32051996774742,,C,2,0,,Medium-Low
27,0,1,"Passenger, Person 27",female,25.02114233678903,0,0,PC 17027,0.0,C22 C26,S,1,1,Adult,Low
28,0,3,"Passenger, Person 28",female,26.06292126140181,0,0,340028,4.317205457253237,,S,1,1,Adult,Low
29,1,3,"Passenger, Person 29",male,48.95881505681134,0,2,340029,0.0,B96 B98,S,3,0,Middle-Aged,Low
30,1,1,"Passenger, Person 30",female,37.76533513630957,1,1,PC 17030,77.53406537654007,,S,3,0,Middle-Aged,High
31,0,3,"Passenger, Person 31",male,36.31037269518331,0,2,340031,30.29121747923452,,C,3,0,Middle-Aged,Medium-High
32,1,1,"Passenger, Person 32",female,61.092534001065715,0,5,PC 17032,111.87369007931244,,S,6,0,Senior,High
33,1,1,"Passenger, Person 33",female,20.36898565948793,1,0,PC 17033,190.71664121732712,,S,2,0,Adult,High
34,0,3,"Passenger, Person 34",male,,0,0,340034,25.485743410185982,,S,1,1,,Medium-High
35,0,3,"Passenger, Person 35",male,30.526690311007727,1,0,340035,7.66511101470109,F2,S,2,0,Adult,Low
36,0,3,"Passenger, Person 36",male,33.594588043517234,0,0,340036,5.325426724529066,,S,1,1,Adult,Low
37,0,2,"Passenger, Person 37",male,,0,0,340037,11.284600760931076,,C,1,1,,Medium-Low
38,0,1,"Passenger, Person 38",male,37.06361846619954,0,0,PC 17038,0.0,,S,1,1,Middle-Aged,Low
39,0,3,"Passenger, Person 39",male,37.50529314621968,1,0,340039,14.03563256075132,,C,2,0,Middle-Aged,Medium-Low
40,0,2,"Passenger, Person 40",male,45.25135639099213,0,0,340040,0.0,,S,1,1,Middle-Aged,Low
41,1,1,"Passenger, Person 41",female,24.40818542162816,0,0,PC 17041,130.2804097243381,,S,1,1,Adult,High
42,0,3,"Passenger, Person 42",female,,3,0,340042,14.470690292907625,,C,4,0,,Medium-Low
43,1,1,"Passenger, Person 43",male,14.550266686695013,0,0,PC 17043,120.92230958659754,,S,1,1,Teens,High
44,0,3,"Passenger, Person 44",male,1.1878294540479737,0,0,340044,25.307179112429488,,S,1,1,Child,Medium-High
45,0,2,"Passenger, Person 45",male,59.51500338413467,0,0,340045,23.244329648405095,F2,S,1,1,Middle-Aged,Medium-High
46,0,3,"Passenger, Person 46",male,13.703478697035594,0,0,340046,31.627289114202313,,C,1,1,Teens,Medium-High
47,1,2,"Passenger, Person 47",female,26.491822458006304,0,0,340047,28.74529554237873,C22 C26,Q,1,1,Adult,Medium-High
48,0,3,"Passenger, Person 48",male,25.68620715161065,0,0,340048,5.351604685023448,E101,S,1,1,Adult,Low
49,0,3,"Passenger, Person 49",male,34.15739711823196,0,1,340049,11.065178536395331,,S,2,0,Adult,Medium-Low
50,1,1,"Passenger, Person 50",male,41.5281895818198,0,0,PC 17050,0.0,,C,1,1,Middle-Aged,Low
51,0,3,"Passenger, Person 51",male,,0,0,340051,3.7559051548061735,,S,1,1,,Low
52,1,3,"Passenger, Person 52",female,21.245377140750392,0,0,340052,9.4890395347327,,Q,1,1,Adult,Medium-Low
53,1,3,"Passenger, Person 53",female,,0,0,340053,19.689009705134325,C22 C26,S,1,1,,Medium-High
54,0,3,"Passenger, Person 54",male,33.797409282080345,0,1,340054,5.42602868604008,,Q,2,0,Adult,Low
55,0,3,"Passenger, Person 55",male,26.093978670338565,0,0,340055,0.0,A10,C,1,1,Adult,Low
56,1,3,"Passenger, Person 56",male,53.00651085228989,0,0,340056,0.0,,C,1,1,Middle-Aged,Low
57,1,1,"Passenger, Person 57",female,36.81913679875464,0,0,PC 17057,37.62943354972119,,S,1,1,Middle-Aged,High
58,1,1,"Passenger, Person 58",female,,1,0,PC 17058,236.3164405846985,C22 C26,S,2,0,,High
59,0,1,"Passenger, Person 59",male,39.311778395677486,0,0,PC 17059,105.29634872196856,,S,1,1,Middle-Aged,High
60,0,2,"Passenger, Person 60",male,46.71537093353721,2,0,340060,32.87453236061732,,S,3,0,Middle-Aged,Medium-High
61,1,2,"Passenger, Person 61",female,32.32481260120375,4,0,340061,8.95929497536476,A10,S,5,0,Adult,Medium-Low
62,0,2,"Passenger, Person 62",male,10.895936754640225,0,0,340062,0.2051531186711583,F2,S,1,1,Child,Low
63,1,3,"Passenger, Person 63",female,35.495475300413304,0,0,340063,0.2481478950312572,,C,1,1,Middle-Aged,Low
64,0,2,"Passenger, Person 64",male,20.255325040018477,0,0,340064,19.397295580950715,,S,1,1,Adult,Medium-High
65,1,2,"Passenger, Person 65",male,22.035058114628526,1,0,340065,0.0,C23 C25 C27,S,2,0,Adult,Low
66,0,3,"Passenger, Person 66",male,,0,0,340066,2.6075054194925213,E101,S,1,1,,Low
67,0,1,"Passenger, Person 67",male,,0,0,PC 17067,38.4138664942391,,S,1,1,,High
68,0,3,"Passenger, Person 68",male,30.008437862672892,0,0,340068,0.0,C23 C25 C27,S,1,1,Adult,Low
69,1,1,"Passenger, Person 69",female,34.178078682684976,1,0,PC 17069,252.36052777854368,,S,2,0,Adult,High
70,0,3,"Passenger, Person 70",male,54.38211669721095,1,2,340070,16.866190680307337,,C,4,0,Middle-Aged,Medium-Low
71,0,3,"Passenger, Person 71",male,33.19092110258424,0,0,340071,14.184585893730214,,S,1,1,Adult,Medium-Low
72,0,1,"Passenger, Person 72",male,67.42440515561573,0,0,PC 17072,144.9143296751501,,S,1,1,Senior,High
73,0,1,"Passenger, Person 73",male,37.89988986165739,0,0,PC 17073,0.0,,S,1,1,Middle-Aged,Low
74,0,3,"Passenger, Person 74",male,4.1689399922406425,0,0,340074,22.039150173522184,C22 C26,C,1,1,Child,Medium-High
75,0,3,"Passenger, Person 75",male,40.62345350601572,1,0,340075,30.502346139355744,E101,S,2,0,Middle-Aged,Medium-High
76,1,3,"Passenger, Person 76",female,35.226796580800276,0,0,340076,16.564362054605404,C23 C25 C27,C,1,1,Middle-Aged,Medium-Low
77,0,3,"Passenger, Person 77",male,48.40141493419981,0,0,340077,6.970700761086735,B96 B98,S,1,1,Middle-Aged,Low
78,1,1,"Passenger, Person 78",male,39.4611295934144,0,2,PC 17078,95.46629066172105,F2,C,3,0,Middle-Aged,High
79,0,2,"Passenger, Person 79",male,27.692388232235277,1,0,340079,12.108763939157496,,S,2,0,Adult,Medium-Low
80,1,1,"Passenger, Person 80",female,,1,0,PC 17080,19.85588250105738,,S,2,0,,Medium-High
81,1,3,"Passenger, Person 81",female,26.669162769352635,0,1,340081,21.195864284536583,,S,2,0,Adult,Medium-High
82,1,3,"Passenger, Person 82",female,17.36745341396515,1,0,340082,12.150446482340811,B96 B98,S,2,0,Teens,Medium-Low
83,0,2,"Passenger, Person 83",male,21.28240997783152,0,2,340083,36.326243494850374,,S,3,0,Adult,High
84,1,1,"Passenger, Person 84",male,38.23438686409884,0,0,PC 17084,49.64100683900154,,C,1,1,Middle-Aged,High
85,0,2,"Passenger, Person 85",male,53.91361531309539,0,1,340085,16.224730451289858,,S,2,0,Middle-Aged,Medium-Low
86,1,2,"Passenger, Person 86",male,35.422737182433224,0,0,340086,13.295357061990863,B96 B98,C,1,1,Middle-Aged,Medium-Low
87,0,3,"Passenger, Person 87",male,12.359695600489824,0,0,340087,1.357982174440743,,C,1,1,Teens,Low
88,0,3,"Passenger, Person 88",male,36.14673868919204,2,2,340088,22.638673884782506,,S,5,0,Middle-Aged,Medium-High
89,0,3,"Passenger, Person 89",male,47.05115655636194,0,0,340089,37.7228283107557,,C,1,1,Middle-Aged,High
90,0,3,"Passenger, Person 90",male,,0,0,340090,9.475500375772327,,S,1,1,,Medium-Low
91,1,1,"Passenger, Person 91",female,27.756751083242698,0,0,PC 17091,31.07131639334952,C23 C25 C27,S,1,1,Adult,Medium-High
92,1,3,"Passenger, Person 92",male,29.91297882357336,0,0,340092,5.481441679222003,,Q,1,1,Adult,Low
93,0,3,"Passenger, Person 93",male,18.31897446030752,1,0,340093,6.202934496395819,C23 C25 C27,S,2,0,Adult,Low
94,0,3,"Passenger, Person 94",female,39.10006629073595,0,0,340094,31.82762054864882,B96 B98,S,1,1,Middle-Aged,Medium-High
95,1,3,"Passenger, Person 95",male,27.946251845187167,0,0,340095,5.776714282641193,,S,1,1,Adult,Low
96,0,3,"Passenger, Person 96",female,35.7832204366519,1,0,340096,7.242065190215062,,S,2,0,Middle-Aged,Low
97,0,3,"Passenger, Person 97",male,16.831363421869547,0,0,340097,0.036103226339307,,Q,1,1,Teens,Low
98,0,2,"Passenger, Person 98",male,23.35685464531055,0,0,340098,24.477434060219917,,S,1,1,Adult,Medium-High
99,1,1,"Passenger, Person 99",female,,0,0,PC 17099,78.90609415222303,,S,1,1,,High
100,1,1,"Passenger, Person 100",female,24.29391929466938,0,0,PC 17100,0.0,,S,1,1,Adult,Low
101,1,1,"Passenger, Person 101",female,54.740975842884374,8,0,PC 17101,14.5092914091898,,S,9,0,Middle-Aged,Medium-Low
102,0,3,"Passenger, Person 102",male,23.905275308588266,1,0,340102,30.542267075891132,,S,2,0,Adult,Medium-High
103,0,2,"Passenger, Person 103",male,32.957928523402344,0,0,340103,21.08520083149398,,S,1,1,Adult,Medium-High
104,1,3,"Passenger, Person 104",male,43.22256706215981,1,0,340104,14.798539349920274,,S,2,0,Middle-Aged,Medium-Low
105,1,3,"Passenger, Person 105",male,,0,0,340105,14.842192075286675,,S,1,1,,Medium-Low
106,1,2,"Passenger, Person 106",female,,0,1,340106,38.79013004674529,,Q,2,0,,High
107,0,2,"Passenger, Person 107",male,7.577983438733625,0,0,340107,7.072213289830765,,S,1,1,Child,Low
108,1,3,"Passenger, Person 108",female,48.00746949969414,0,0,340108,9.319649278059,,C,1,1,Middle-Aged,Medium-Low
109,0,1,"Passenger, Person 109",male,21.69805688455952,0,0,PC 17109,70.97071388032415,C22 C26,C,1,1,Adult,High
110,0,1,"Passenger, Person 110",male,66.79388964218965,0,1,PC 17110,0.0,,C,2,0,Senior,Low
111,0,2,"Passenger, Person 111",male,21.518409819467863,2,2,340111,8.750160284442536,,C,5,0,Adult,Medium-Low
112,1,1,"Passenger, Person 112",female,32.37599389635704,0,0,PC 17112,165.79063652791314,,S,1,1,Adult,High
113,1,3,"Passenger, Person 113",female,52.060594312234194,0,0,340113,22.04234845963129,,S,1,1,Middle-Aged,Medium-High
114,1,3,"Passenger, Person 114",female,,0,1,340114,23.987735626122344,C23 C25 C27,S,2,0,,Medium-High
115,1,3,"Passenger, Person 115",female,59.591801861227765,0,0,340115,7.200007552154586,C23 C25 C27,S,1,1,Middle-Aged,Low
116,0,3,"Passenger, Person 116",female,47.22131034360056,0,0,340116,8.557352358692798,,C,1,1,Middle-Aged,Low
117,1,3,"Passenger, Person 117",female,44.5489066242662,0,0,340117,0.0,,S,1,1,Middle-Aged,Low
118,0,1,"Passenger, Person 118",male,38.29164076341715,1,0,PC 17118,156.84089430067215,A10,C,2,0,Middle-Aged,High
119,0,3,"Passenger, Person 119",male,40.98623560441624,0,2,340119,25.743174956427055,,S,3,0,Middle-Aged,Medium-High
120,0,3,"Passenger, Person 120",male,21.707807113236264,0,6,340120,25.60313063189169,,Q,7,0,Adult,Medium-High
121,1,3,"Passenger, Person 121",female,17.836116190376543,0,0,340121,31.32500378824964,D,S,1,1,Teens,Medium-High
122,1,3,"Passenger, Person 122",female,29.651070367541195,0,0,340122,18.323194528388964,,S,1,1,Adult,Medium-Low
123,0,2,"Passenger, Person 123",male,27.232322973388538,0,1,340123,40.899463875107,,S,2,0,Adult,High
124,1,1,"Passenger, Person 124",female,23.12819328475451,1,0,PC 17124,68.51298048568549,,C,2,0,Adult,High
125,1,1,"Passenger, Person 125",female,39.797617988122376,0,0,PC 17125,0.0,,S,1,1,Middle-Aged,Low
126,0,2,"Passenger, Person 126",male,43.551925524272406,0,2,340126,31.84942080412153,,Q,3,0,Middle-Aged,Medium-High
127,0,3,"Passenger, Person 127",male,30.981899851231784,0,0,340127,0.0,,C,1,1,Adult,Low
128,0,3,"Passenger, Person 128",female,51.12418617530129,0,0,340128,15.552222544427018,,C,1,1,Middle-Aged,Medium-Low
129,0,1,"Passenger, Person 129",male,13.145507845064175,0,0,PC 17129,158.66525656569195,,S,1,1,Teens,High
130,0,3,"Passenger, Person 130",female,,1,1,340130,17.246846756387168,,C,3,0,,Medium-Low
131,1,2,"Passenger, Person 131",male,,0,0,340131,50.27715991756958,,C,1,1,,High
132,1,1,"Passenger, Person 132",female,2.63521905244063,1,0,PC 17132,0.0,,S,2,0,Child,Low
133,0,1,"Passenger, Person 133",female,,0,0,PC 17133,77.6868675421986,B96 B98,S,1,1,,High
134,0,2,"Passenger, Person 134",female,27.93466112844239,1,0,340134,20.886921048284528,C22 C26,S,2,0,Adult,Medium-High
135,1,3,"Passenger, Person 135",male,51.6450212770109,0,1,340135,370.6840191052205,,S,2,0,Middle-Aged,High
136,1,2,"Passenger, Person 136",female,38.846769426044276,0,0,340136,5.661473720584287,,S,1,1,Middle-Aged,Low
137,1,3,"Passenger, Person 137",female,14.849291047226528,0,0,340137,4.383585280907399,,Q,1,1,Teens,Low
138,1,3,"Passenger, Person 138",male,56.58434221184573,2,0,340138,1.5838797654581145,,S,3,0,Middle-Aged,Low
139,1,2,"Passenger, Person 139",female,47.404988585117614,0,3,340139,19.25606954786972,,S,4,0,Middle-Aged,Medium-High
140,0,3,"Passenger, Person 140",male,38.14041670029493,0,0,340140,7.047386098326243,,Q,1,1,Middle-Aged,Low
141,0,3,"Passenger, Person 141",male,26.415980566677437,0,2,340141,17.176992225052427,,S,3,0,Adult,Medium-Low
142,0,2,"Passenger, Person 142",male,,1,0,340142,29.102596060639815,,C,2,0,,Medium-High
143,0,3,"Passenger, Person 143",male,24.30300174696973,0,1,340143,20.07956855690778,,S,2,0,Adult,Medium-High
144,0,2,"Passenger, Person 144",male,45.48685498571069,1,1,340144,15.32835881259817,,S,3,0,Middle-Aged,Medium-Low
145,0,2,"Passenger, Person 145",female,,0,0,340145,24.35818318303814,,S,1,1,,Medium-High
146,0,1,"Passenger, Person 146",male,52.077031159946735,0,2,PC 17146,164.89005546178518,C22 C26,S,3,0,Middle-Aged,High
147,0,3,"Passenger, Person 147",female,22.611683384099024,0,0,340147,18.581210394052388,,S,1,1,Adult,Medium-Low
148,1,3,"Passenger, Person 148",male,13.465547217309338,4,0,340148,34.12875463887762,,C,5,0,Teens,Medium-High
149,0,1,"Passenger, Person 149",male,31.742850580212455,0,0,PC 17149,160.75996096780167,,S,1,1,Adult,High
150,0,2,"Passenger, Person 150",male,4.057629199338651,2,0,340150,42.99929194443,,C,3,0,Child,High
151,0,3,"Passenger, Person 151",female,34.38593185567933,0,0,340151,0.0,,S,1,1,Adult,Low
152,0,1,"Passenger, Person 152",male,27.559762498669304,0,0,PC 17152,91.69073744893812,,S,1,1,Adult,High
153,1,1,"Passenger, Person 153",male,22.942470722910485,0,0,PC 17153,58.883264925726984,,S,1,1,Adult,High
154,1,3,"Passenger, Person 154",female,6.576805524631466,0,0,340154,12.305222966543631,,S,1,1,Child,Medium-Low
155,0,3,"Passenger, Person 155",male,37.14720154526089,1,0,340155,4.8254463788544655,,C,2,0,Middle-Aged,Low
156,0,2,"Passenger, Person 156",male,21.975837824902285,3,0,340156,25.810592204994336,D,Q,4,0,Adult,Medium-High
157,0,3,"Passenger, Person 157",male,12.736205882200824,1,0,340157,0.0,,C,2,0,Teens,Low
158,1,3,"Passenger, Person 158",female,,1,0,340158,18.1178054915842,,S,2,0,,Medium-Low
159,0,1,"Passenger, Person 159",male,29.301033876765775,0,0,PC 17159,23.956524825917857,C23 C25 C27,S,1,1,Adult,Medium-High
160,0,3,"Passenger, Person 160",female,55.39764815171129,0,0,340160,8.175753008675224,,S,1,1,Middle-Aged,Low
161,0,2,"Passenger, Person 161",male,53.78825861094411,4,0,340161,26.36052300435459,,C,5,0,Middle-Aged,Medium-High
162,0,3,"Passenger, Person 162",female,23.072104279499055,0,1,340162,14.546555006529667,,S,2,0,Adult,Medium-Low
163,1,3,"Passenger, Person 163",female,20.96792512475418,1,2,340163,25.27313002547099,E101,S,4,0,Adult,Medium-High
164,0,3,"Passenger, Person 164",female,36.49722671308784,1,0,340164,3.015461435694116,C23 C25 C27,S,2,0,Middle-Aged,Low
165,1,1,"Passenger, Person 165",male,15.223411131769772,0,0,PC 17165,77.85495912706406,C23 C25 C27,S,1,1,Teens,High
166,0,3,"Passenger, Person 166",female,34.07598254738225,8,2,340166,23.456504287122662,,S,11,0,Adult,Medium-High
167,0,2,"Passenger, Person 167",male,40.808164036578006,0,1,340167,25.35559666876818,,S,2,0,Middle-Aged,Medium-High
168,0,1,"Passenger, Person 168",male,47.49053174632246,0,0,PC 17168,117.34635177009812,,C,1,1,Middle-Aged,High
169,1,1,"Passenger, Person 169",male,28.24776589104068,0,2,PC 17169,170.57734295389227,,Q,3,0,Adult,High
170,1,3,"Passenger, Person 170",female,26.746730622433994,0,0,340170,9.211333062435196,,S,1,1,Adult,Medium-Low
171,1,3,"Passenger, Person 171",female,16.969252492029863,0,0,340171,6.894860351655021,C23 C25 C27,S,1,1,Teens,Low
172,1,1,"Passenger, Person 172",female,,0,0,PC 17172,129.0705460807222,,S,1,1,,High
173,1,3,"Passenger, Person 173",male,26.41605606742786,1,0,340173,12.036253653878015,,Q,2,0,Adult,Medium-Low
174,0,1,"Passenger, Person 174",male,,2,0,PC 17174,171.6818782804218,,Q,3,0,,High
175,1,3,"Passenger, Person 175",female,42.94697708038212,0,0,340175,17.747507808265617,,Q,1,1,Middle-Aged,Medium-Low
176,1,1,"Passenger, Person 176",male,18.053905215135,0,0,PC 17176,35.52864693735959,,C,1,1,Adult,High
177,0,3,"Passenger, Person 177",male,51.34398424991306,2,1,340177,17.40222429492256,,S,4,0,Middle-Aged,Medium-Low
178,0,2,"Passenger, Person 178",male,25.768707784882753,0,1,340178,8.924904365107066,,C,2,0,Adult,Medium-Low
179,0,3,"Passenger, Person 179",male,29.390174231947675,0,0,340179,24.09621315192762,,S,1,1,Adult,Medium-High
180,0,1,"Passenger, Person 180",male,,0,1,PC 17180,0.0,B96 B98,S,2,0,,Low
181,0,2,"Passenger, Person 181",male,0.42,0,1,340181,36.54684856455041,,C,2,0,Child,High
182,1,1,"Passenger, Person 182",male,42.51865824723522,0,1,PC 17182,109.17836787239702,,S,2,0,Middle-Aged,High
183,0,3,"Passenger, Person 183",male,40.384236507840285,4,0,340183,11.869829334150586,,S,5,0,Middle-Aged,Medium-Low
184,1,3,"Passenger, Person 184",female,,0,0,340184,22.07667566027264,,S,1,1,,Medium-High
185,0,2,"Passenger, Person 185",male,30.67136539976064,0,2,340185,27.307246374110616,,S,3,0,Adult,Medium-High
186,0,3,"Passenger, Person 186",male,,0,0,340186,28.314198542238667,C23 C25 C27,C,1,1,,Medium-High
187,1,3,"Passenger, Person 187",female,7.043085075145131,0,0,340187,28.21167912188814,,S,1,1,Child,Medium-High
188,0,3,"Passenger, Person 188",male,22.028736178478724,0,0,340188,17.55519488582915,B96 B98,S,1,1,Adult,Medium-Low
189,1,3,"Passenger, Person 189",female,41.21683785451649,1,0,340189,4.0905224315426505,,S,2,0,Middle-Aged,Low
190,1,2,"Passenger, Person 190",female,11.512803364045883,1,0,340190,13.620382994198865,,S,2,0,Child,Medium-Low
191,0,1,"Passenger, Person 191",male,33.95659001641612,0,0,PC 17191,78.56154290669143,E101,S,1,1,Adult,High
192,0,3,"Passenger, Person 192",male,10.029563832960626,1,0,340192,25.57893863834603,,S,2,0,Child,Medium-High
193,0,3,"Passenger, Person 193",female,36.46323474528613,1,1,340193,8.65974892528777,B96 B98,S,3,0,Middle-Aged,Medium-Low
194,1,3,"Passenger, Person 194",female,29.183198506686487,1,1,340194,9.5776542752685,,C,3,0,Adult,Medium-Low
195,0,2,"Passenger, Person 195",male,6.280588669370112,0,0,340195,44.68855818047655,,Q,1,1,Child,High
196,1,2,"Passenger, Person 196",male,46.58872063962898,0,2,340196,19.30411935208955,C22 C26,S,3,0,Middle-Aged,Medium-High
197,0,3,"Passenger, Person 197",male,19.04842213642829,0,0,340197,6.697949207067346,,S,1,1,Adult,Low
198,1,3,"Passenger, Person 198",female,17.951339663291478,0,0,340198,22.22310631233562,,S,1,1,Teens,Medium-High
199,0,3,"Passenger, Person 199",male,32.60825335984867,0,0,340199,13.062522887444567,,C,1,1,Adult,Medium-Low
200,0,3,"Passenger, Person 200",female,,0,1,340200,0.0,,S,2,0,,Low
201,0,3,"Passenger, Person 201",male,14.970583624813244,1,2,340201,25.13005491088111,,C,4,0,Teens,Medium-High
202,1,1,"Passenger, Person 202",male,30.594357822795587,1,0,PC 17202,25.880932985456575,,C,2,0,Adult,Medium-High
203,0,1,"Passenger, Person 203",male,35.91783925479331,1,1,PC 17203,87.54967667438693,,Q,3,0,Middle-Aged,High
204,0,3,"Passenger, Person 204",male,39.75003130531559,0,0,340204,12.93046974833908,B96 B98,Q,1,1,Middle-Aged,Medium-Low
205,0,3,"Passenger, Person 205",male,32.258402551519765,1,0,340205,16.211112908168488,,S,2,0,Adult,Medium-Low
206,1,1,"Passenger, Person 206",male,24.378096333291825,0,0,PC 17206,0.0,,S,1,1,Adult,Low
207,0,1,"Passenger, Person 207",male,17.699941800593564,0,0,PC 17207,58.01224065365972,,Q,1,1,Teens,High
208,0,3,"Passenger, Person 208",female,30.949086304172432,0,0,340208,26.05320766127272,,S,1,1,Adult,Medium-High
209,0,1,"Passenger, Person 209",male,14.1539843262087,0,1,PC 17209,182.85475055154905,E101,S,2,0,Teens,High
210,0,1,"Passenger, Person 210",male,0.42,0,0,PC 17210,6.829350232054958,,S,1,1,Child,Low
211,1,3,"Passenger, Person 211",female,36.03011716028618,1,0,340211,23.806580669829973,,S,2,0,Middle-Aged,Medium-High
212,1,3,"Passenger, Person 212",female,42.80705519574983,0,0,340212,5.304272701318576,E101,C,1,1,Middle-Aged,Low
213,1,3,"Passenger, Person 213",female,0.42,1,0,340213,9.560145146739885,B96 B98,S,2,0,Child,Medium-Low
214,1,1,"Passenger, Person 214",female,15.058904781705904,0,1,PC 17214,59.03521941617839,,S,2,0,Teens,High
215,0,3,"Passenger, Person 215",male,38.677736784575366,0,0,340215,14.876840806759487,D,Q,1,1,Middle-Aged,Medium-Low
216,0,1,"Passenger, Person 216",male,59.53368431081963,0,0,PC 17216,162.25658359068728,,C,1,1,Middle-Aged,High
217,0,2,"Passenger, Person 217",female,,0,1,340217,24.099598968378444,,S,2,0,,Medium-High
218,0,3,"Passenger, Person 218",female,19.14395735217755,0,0,340218,12.292550636437708,,S,1,1,Adult,Medium-Low
219,0,3,"Passenger, Person 219",male,27.048001603979817,0,0,340219,24.320423563420366,,S,1,1,Adult,Medium-High
220,1,3,"Passenger, Person 220",female,49.63570807764868,0,0,340220,4.85072470742914,B96 B98,S,1,1,Middle-Aged,Low
221,0,3,"Passenger, Person 221",male,20.333519402694236,0,0,340221,12.830608121852556,F2,S,1,1,Adult,Medium-Low
222,0,3,"Passenger, Person 222",male,18.111715903571323,0,0,340222,24.633593512152817,,S,1,1,Adult,Medium-High
223,1,1,"Passenger, Person 223",male,22.700218928360528,1,0,PC 17223,125.4358845196647,,S,2,0,Adult,High
224,0,2,"Passenger, Person 224",male,15.87673518024867,0,1,340224,14.598048293216136,,S,2,0,Teens,Medium-Low
225,1,2,"Passenger, Person 225",male,,1,1,340225,0.9915620341965232,,S,3,0,,Low
226,1,2,"Passenger, Person 226",male,,0,0,340226,24.701156480332543,,S,1,1,,Medium-High
227,0,3,"Passenger, Person 227",female,,2,0,340227,0.0,,S,3,0,,Low
228,0,2,"Passenger, Person 228",male,,1,1,340228,17.897482259014854,,C,3,0,,Medium-Low
229,0,3,"Passenger, Person 229",male,,0,0,340229,26.648432391603343,,S,1,1,,Medium-High
230,1,3,"Passenger, Person 230",female,7.033733273898472,0,0,340230,20.244345109320346,,S,1,1,Child,Medium-High
231,1,3,"Passenger, Person 231",female,42.50509176863381,1,0,340231,0.0,,S,2,0,Middle-Aged,Low
232,1,3,"Passenger, Person 232",female,28.57136064331437,0,1,340232,356.71771686556536,,Q,2,0,Adult,High
233,1,3,"Passenger, Person 233",female,27.083041252935928,0,0,340233,10.169130939371462,,S,1,1,Adult,Medium-Low
234,0,3,"Passenger, Person 234",female,76.00005973375048,0,0,340234,0.0,,S,1,1,Senior,Low
235,0,1,"Passenger, Person 235",male,34.03191717130245,1,0,PC 17235,110.281661072564,,S,2,0,Adult,High
236,0,3,"Passenger, Person 236",male,,1,1,340236,8.270883663302001,,C,3,0,,Low
237,0,2,"Passenger, Person 237",male,23.517814855019623,0,0,340237,14.34805749768653,D,S,1,1,Adult,Medium-Low
238,0,1,"Passenger, Person 238",male,,0,2,PC 17238,93.82551923728418,,S,3,0,,High
239,0,3,"Passenger, Person 239",male,31.342420952797585,0,0,340239,6.795270160083669,,S,1,1,Adult,Low
240,1,1,"Passenger, Person 240",female,8.844969314398183,0,0,PC 17240,91.61739504159196,,S,1,1,Child,High
241,0,3,"Passenger, Person 241",male,43.02881955134045,5,0,340241,7.153426214070724,,C,6,0,Middle-Aged,Low
242,0,3,"Passenger, Person 242",male,20.011910759684586,0,0,340242,7.756923933152038,,C,1,1,Adult,Low
243,0,3,"Passenger, Person 243",male,56.86281775515441,0,2,340243,24.60222746225081,,S,3,0,Middle-Aged,Medium-High
244,0,2,"Passenger, Person 244",female,,0,0,340244,34.8907312729436,,S,1,1,,Medium-High
245,0,1,"Passenger, Person 245",male,23.21383251294811,1,1,PC 17245,0.0,,S,3,0,Adult,Low
246,1,3,"Passenger, Person 246",female,48.27473724515913,0,0,340246,21.897801282312077,,S,1,1,Middle-Aged,Medium-High
247,0,2,"Passenger, Person 247",male,30.68390490264735,0,0,340247,38.841683060139374,,S,1,1,Adult,High
248,0,3,"Passenger, Person 248",male,42.06521828927219,0,0,340248,30.81114499143934,,S,1,1,Middle-Aged,Medium-High
249,0,3,"Passenger, Person 249",male,,0,0,340249,19.404176984736303,,S,1,1,,Medium-High
250,0,3,"Passenger, Person 250",female,17.427828502632334,0,3,340250,2.0486235648171283,,S,4,0,Teens,Low
251,0,2,"Passenger, Person 251",male,20.368527431396803,0,0,340251,28.84975092451795,,Q,1,1,Adult,Medium-High
252,0,2,"Passenger, Person 252",female,44.63443185492684,0,0,340252,9.359719382193084,,C,1,1,Middle-Aged,Medium-Low
253,0,3,"Passenger, Person 253",male,24.84575768445516,2,0,340253,9.907383172276804,,Q,3,0,Adult,Medium-Low
254,0,2,"Passenger, Person 254",male,23.847097282991047,1,0,340254,25.640068041582644,F2,S,2,0,Adult,Medium-High
255,1,1,"Passenger, Person 255",female,,5,0,PC 17255,21.37877096373835,,Q,6,0,,Medium-High
256,1,3,"Passenger, Person 256",female,35.842186451105185,0,1,340256,1.0695966261043668,,S,2,0,Middle-Aged,Low
257,1,3,"Passenger, Person 257",female,,4,0,340257,18.803506503399056,,S,5,0,,Medium-Low
258,1,3,"Passenger, Person 258",female,14.220772743313043,0,0,340258,34.21946624743546,,C,1,1,Teens,Medium-High
259,1,3,"Passenger, Person 259",female,30.05118212175499,0,0,340259,27.355577635274106,,S,1,1,Adult,Medium-High
260,1,1,"Passenger, Person 260",female,50.177198053523725,0,4,PC 17260,139.3105224339074,,S,5,0,Middle-Aged,High
261,1,3,"Passenger, Person 261",female,28.54519982693713,0,0,340261,24.451039791487062,,S,1,1,Adult,Medium-High
262,0,3,"Passenger, Person 262",female,36.25939104562114,1,0,340262,20.694914469001077,A10,S,2,0,Middle-Aged,Medium-High
263,1,1,"Passenger, Person 263",female,,0,0,PC 17263,119.24221789393263,,S,1,1,,High
264,0,3,"Passenger, Person 264",male,,0,0,340264,23.564796235585117,,S,1,1,,Medium-High
265,1,3,"Passenger, Person 265",female,26.98640815743404,0,0,340265,0.0,,C,1,1,Adult,Low
266,0,3,"Passenger, Person 266",male,43.99308493735801,0,0,340266,15.874338293872045,,S,1,1,Middle-Aged,Medium-Low
267,0,3,"Passenger, Person 267",female,46.917097747688885,0,1,340267,12.789569731317725,,S,2,0,Middle-Aged,Medium-Low
268,1,3,"Passenger, Person 268",female,67.24867280926989,0,0,340268,14.5479311425902,E101,S,1,1,Senior,Medium-Low
269,0,2,"Passenger, Person 269",male,38.104681011596846,1,1,340269,14.662161208291735,,S,3,0,Middle-Aged,Medium-Low
270,1,2,"Passenger, Person 270",female,34.424046590441414,1,0,340270,27.42634198206502,,Q,2,0,Adult,Medium-High
271,0,3,"Passenger, Person 271",male,32.51857237287137,0,0,340271,4.682791893436322,C23 C25 C27,S,1,1,Adult,Low
272,0,3,"Passenger, Person 272",male,24.579088754245017,0,0,340272,7.807595776687622,F2,S,1,1,Adult,Low
273,0,3,"Passenger, Person 273",female,34.60801573019452,0,0,340273,6.487320949826894,,S,1,1,Adult,Low
274,0,3,"Passenger, Person 274",male,25.41667955298407,1,0,340274,23.18341300996856,,S,2,0,Adult,Medium-High
275,0,3,"Passenger, Person 275",female,32.14268415590941,0,0,340275,13.551041464698873,,S,1,1,Adult,Medium-Low
276,0,3,"Passenger, Person 276",female,48.805164266315415,0,0,340276,8.61084426223561,,S,1,1,Middle-Aged,Low
277,0,3,"Passenger, Person 277",male,15.105132803445205,0,0,340277,9.572273354822014,C23 C25 C27,S,1,1,Teens,Medium-Low
278,0,3,"Passenger, Person 278",male,,0,6,340278,13.722686783484477,,S,7,0,,Medium-Low
279,0,3,"Passenger, Person 279",male,48.798168476428046,0,0,340279,31.52392410756839,,S,1,1,Middle-Aged,Medium-High
280,0,3,"Passenger, Person 280",male,27.988006358629356,1,2,340280,0.0782763001866087,,S,4,0,Adult,Low
281,1,3,"Passenger, Person 281",female,,0,0,340281,21.11060997447764,,C,1,1,,Medium-High
282,1,2,"Passenger, Person 282",male,20.88658118713073,0,0,340282,26.794210394403105,,S,1,1,Adult,Medium-High
283,0,2,"Passenger, Person 283",male,48.50642092513608,1,0,340283,9.181449820191917,,C,2,0,Middle-Aged,Medium-Low
284,0,1,"Passenger, Person 284",male,29.36841309666621,1,0,PC 17284,198.56611663206553,,S,2,0,Adult,High
285,0,3,"Passenger, Person 285",male,15.210117631723794,0,0,340285,19.612084959687436,,S,1,1,Teens,Medium-High
286,1,1,"Passenger, Person 286",female,22.380763642190846,0,0,PC 17286,44.54680234807899,C22 C26,S,1,1,Adult,High
287,1,3,"Passenger, Person 287",male,,0,2,340287,0.0,,S,3,0,,Low
288,1,3,"Passenger, Person 288",female,,2,1,340288,16.20061517949024,,S,4,0,,Medium-Low
289,0,2,"Passenger, Person 289",male,26.235484562039428,0,0,340289,20.078307398172218,B96 B98,S,1,1,Adult,Medium-High
290,1,3,"Passenger, Person 290",female,,2,0,340290,2.3421577560726887,C23 C25 C27,S,3,0,,Low
291,1,1,"Passenger, Person 291",male,24.019506838864583,1,0,PC 17291,2.748076009420333,,S,2,0,Adult,Low
292,0,1,"Passenger, Person 292",male,16.32505232477171,0,0,PC 17292,151.89376963532138,,S,1,1,Teens,High
293,0,3,"Passenger, Person 293",female,,0,0,340293,0.0,,S,1,1,,Low
294,0,2,"Passenger, Person 294",male,,0,2,340294,24.745675815949472,C22 C26,S,3,0,,Medium-High
295,1,1,"Passenger, Person 295",female,47.3487985519697,0,0,PC 17295,69.5299159257528,C23 C25 C27,S,1,1,Middle-Aged,High
296,1,3,"Passenger, Person 296",female,51.75908275287554,0,0,340296,19.148703111887833,,S,1,1,Middle-Aged,Medium-High
297,0,3,"Passenger, Person 297",male,,0,0,340297,10.442644891537784,,S,1,1,,Medium-Low
298,0,1,"Passenger, Person 298",male,,4,0,PC 17298,107.02544729030454,,C,5,0,,High
299,1,3,"Passenger, Person 299",female,35.55408630988084,0,0,340299,5.509476710184198,,C,1,1,Middle-Aged,Low
300,0,1,"Passenger, Person 300",male,,1,0,PC 17300,80.31201653847727,,S,2,0,,High
301,0,1,"Passenger, Person 301",male,16.59632301941314,0,0,PC 17301,122.29854249575791,,S,1,1,Teens,High
302,0,3,"Passenger, Person 302",male,34.40320958496324,0,0,340302,15.339590584030171,,S,1,1,Adult,Medium-Low
303,0,3,"Passenger, Person 303",male,12.603923028182862,0,0,340303,17.863375266416988,,C,1,1,Teens,Medium-Low
304,0,3,"Passenger, Person 304",male,46.92135113269267,0,5,340304,3.472865706031885,A10,S,6,0,Middle-Aged,Low
305,1,3,"Passenger, Person 305",female,22.9630491891733,2,0,340305,7.1825798192666275,,S,3,0,Adult,Low
306,1,3,"Passenger, Person 306",female,32.61681501015617,0,0,340306,7.373261768624603,,C,1,1,Adult,Low
307,1,3,"Passenger, Person 307",female,,0,0,340307,10.638612688545718,,S,1,1,,Medium-Low
308,0,2,"Passenger, Person 308",female,25.94587788129088,0,0,340308,38.32157730503177,,S,1,1,Adult,High
309,1,3,"Passenger, Person 309",male,38.207060121391486,0,0,340309,9.78403368910729,,S,1,1,Middle-Aged,Medium-Low
310,1,2,"Passenger, Person 310",female,22.813896978973396,0,1,340310,5.793727023048496,,S,2,0,Adult,Low
311,0,2,"Passenger, Person 311",male,42.33381081313004,1,0,340311,27.701393942057702,,C,2,0,Middle-Aged,Medium-High
312,1,1,"Passenger, Person 312",male,10.183294636422143,1,0,PC 17312,189.1881876518895,,C,2,0,Child,High
313,1,1,"Passenger, Person 313",male,31.53250390342297,0,0,PC 17313,0.0,,S,1,1,Adult,Low
314,0,3,"Passenger, Person 314",male,57.81447048634513,0,0,340314,35.38091830189899,C23 C25 C27,S,1,1,Middle-Aged,Medium-High
315,0,3,"Passenger, Person 315",female,15.195195793219163,0,1,340315,18.24694262555379,,S,2,0,Teens,Medium-Low
316,1,3,"Passenger, Person 316",female,19.872697927389652,0,1,340316,25.0527986797523,,S,2,0,Adult,Medium-High
317,0,2,"Passenger, Person 317",male,37.15166382005427,0,0,340317,39.7319312555631,,S,1,1,Middle-Aged,High
318,0,1,"Passenger, Person 318",male,32.30393583812417,0,1,PC 17318,160.0141761312039,,S,2,0,Adult,High
319,1,1,"Passenger, Person 319",female,34.78413643946661,0,0,PC 17319,75.52822343340081,,S,1,1,Adult,High
320,0,2,"Passenger, Person 320",male,36.79321338714112,0,4,340320,36.4900758744884,,S,5,0,Middle-Aged,High
321,1,3,"Passenger, Person 321",male,38.903461294145664,0,0,340321,16.48059746858011,,S,1,1,Middle-Aged,Medium-Low
322,1,3,"Passenger, Person 322",male,45.790647708365235,0,4,340322,25.675331973984036,,S,5,0,Middle-Aged,Medium-High
323,1,3,"Passenger, Person 323",female,35.642370525463434,0,0,340323,26.878630321587515,,S,1,1,Middle-Aged,Medium-High
324,1,2,"Passenger, Person 324",female,,0,0,340324,6.47834433035401,,S,1,1,,Low
325,0,3,"Passenger, Person 325",male,39.4523186674396,1,0,340325,22.41731245174707,,S,2,0,Middle-Aged,Medium-High
326,0,3,"Passenger, Person 326",male,57.248288055980616,0,5,340326,11.679188896352908,,S,6,0,Middle-Aged,Medium-Low
327,1,3,"Passenger, Person 327",female,,0,1,340327,15.200097004624167,,S,2,0,,Medium-Low
328,1,3,"Passenger, Person 328",female,,0,0,340328,15.078020237270774,,S,1,1,,Medium-Low
329,1,2,"Passenger, Person 329",male,45.7526697046611,1,0,340329,21.790612828479656,C22 C26,S,2,0,Middle-Aged,Medium-High
330,1,2,"Passenger, Person 330",female,27.954473122672823,0,0,340330,40.46582905897751,,S,1,1,Adult,High
331,0,2,"Passenger, Person 331",male,0.42,0,0,340331,2.896180850377174,,S,1,1,Child,Low
332,0,3,"Passenger, Person 332",male,,0,0,340332,0.0,,C,1,1,,Low
333,1,1,"Passenger, Person 333",female,,1,0,PC 17333,0.0,,S,2,0,,Low
334,1,1,"Passenger, Person 334",male,28.387267406589668,3,1,PC 17334,167.54325258700126,,S,5,0,Adult,High
335,0,1,"Passenger, Person 335",male,34.51371479325071,0,0,PC 17335,23.821875634322534,,S,1,1,Adult,Medium-High
336,0,1,"Passenger, Person 336",male,32.462245356796466,1,1,PC 17336,94.46054462216114,,S,3,0,Adult,High
337,0,3,"Passenger, Person 337",male,39.98705134851607,2,0,340337,12.41811163462963,,S,3,0,Middle-Aged,Medium-Low
338,1,3,"Passenger, Person 338",female,23.38544762673727,2,0,340338,3.9298734529602184,,S,3,0,Adult,Low
339,0,3,"Passenger, Person 339",male,37.1400340735532,0,0,340339,23.046249613112685,,S,1,1,Middle-Aged,Medium-High
340,1,1,"Passenger, Person 340",female,25.9365731750332,0,0,PC 17340,74.20788847904402,,S,1,1,Adult,High
341,0,3,"Passenger, Person 341",male,40.41275197286879,0,0,340341,11.064914152577767,B96 B98,S,1,1,Middle-Aged,Medium-Low
342,0,3,"Passenger, Person 342",male,38.62282851818927,1,0,340342,16.24158438514276,,S,2,0,Middle-Aged,Medium-Low
343,0,1,"Passenger, Person 343",male,16.13613882035337,0,0,PC 17343,140.37022261738093,,C,1,1,Teens,High
344,1,2,"Passenger, Person 344",female,45.44674068453797,0,0,340344,8.193308834052178,B96 B98,S,1,1,Middle-Aged,Low
345,0,2,"Passenger, Person 345",male,21.9285300458463,0,0,340345,32.007938515332725,,C,1,1,Adult,Medium-High
346,1,3,"Passenger, Person 346",female,41.416838075076605,1,0,340346,29.628388717506844,,S,2,0,Middle-Aged,Medium-High
347,1,3,"Passenger, Person 347",male,35.025666044319436,1,1,340347,0.0,,S,3,0,Middle-Aged,Low
348,1,1,"Passenger, Person 348",female,,0,2,PC 17348,105.85732037197089,,S,3,0,,High
349,0,2,"Passenger, Person 349",male,26.459743255608146,1,0,340349,16.696011239354746,,S,2,0,Adult,Medium-Low
350,1,3,"Passenger, Person 350",female,24.634906456286135,0,0,340350,21.37153638792154,,C,1,1,Adult,Medium-High
351,1,3,"Passenger, Person 351",female,,1,0,340351,0.2967486622046369,,C,2,0,,Low
352,1,3,"Passenger, Person 352",female,25.30389314890301,0,2,340352,31.59832048207933,,S,3,0,Adult,Medium-High
353,0,3,"Passenger, Person 353",female,,0,0,340353,0.0,,C,1,1,,Low
354,1,1,"Passenger, Person 354",female,6.263496177669475,2,0,PC 17354,65.09608669743035,,S,3,0,Child,High
355,0,1,"Passenger, Person 355",male,,0,0,PC 17355,118.0250939276381,,S,1,1,,High
356,0,3,"Passenger, Person 356",male,14.2168576371017,1,0,340356,6.130294683716925,B96 B98,Q,2,0,Teens,Low
357,1,1,"Passenger, Person 357",male,,0,0,PC 17357,18.36467922035108,B96 B98,C,1,1,,Medium-Low
358,1,3,"Passenger, Person 358",female,54.50389390243792,0,1,340358,16.124592002935763,,S,2,0,Middle-Aged,Medium-Low
359,0,3,"Passenger, Person 359",male,28.18548633120666,0,0,340359,14.535359119901884,C23 C25 C27,C,1,1,Adult,Medium-Low
360,0,3,"Passenger, Person 360",female,27.252085013744846,0,0,340360,13.745319863566644,,Q,1,1,Adult,Medium-Low
361,0,2,"Passenger, Person 361",male,30.71575636514113,0,0,340361,31.82295064905314,,C,1,1,Adult,Medium-High
362,0,3,"Passenger, Person 362",male,46.54723538781876,0,0,340362,9.340800372291763,F2,C,1,1,Middle-Aged,Medium-Low
363,0,3,"Passenger, Person 363",male,16.253379554236677,0,2,340363,17.19551914774505,,C,3,0,Teens,Medium-Low
364,1,3,"Passenger, Person 364",female,,0,0,340364,8.107369108966036,,S,1,1,,Low
365,0,3,"Passenger, Person 365",male,,4,1,340365,4.33737565587651,,C,6,0,,Low
366,0,2,"Passenger, Person 366",male,36.96586546412775,4,0,340366,16.95813782962976,C23 C25 C27,S,5,0,Middle-Aged,Medium-Low
367,0,3,"Passenger, Person 367",male,32.44893344068178,0,0,340367,8.193582940870051,,C,1,1,Adult,Low
368,1,3,"Passenger, Person 368",male,44.21516834222355,1,2,340368,8.743158187209405,C22 C26,S,4,0,Middle-Aged,Medium-Low
369,1,1,"Passenger, Person 369",male,0.42,0,0,PC 17369,175.0455385885686,E101,S,1,1,Child,High
370,0,1,"Passenger, Person 370",male,39.52919213319816,0,1,PC 17370,64.32993058522678,,S,2,0,Middle-Aged,High
371,1,1,"Passenger, Person 371",female,20.215902594652356,1,0,PC 17371,32.443279562170545,B96 B98,S,2,0,Adult,Medium-High
372,0,1,"Passenger, Person 372",male,3.155822995581374,3,1,PC 17372,86.34014437574328,,S,5,0,Child,High
373,1,1,"Passenger, Person 373",male,37.11243769311222,0,0,PC 17373,92.2797792520158,,Q,1,1,Middle-Aged,High
374,0,3,"Passenger, Person 374",male,,1,0,340374,0.6243064744652145,,Q,2,0,,Low
375,1,1,"Passenger, Person 375",male,27.70699653789847,0,1,PC 17375,60.87431078994021,E101,S,2,0,Adult,High
376,0,2,"Passenger, Person 376",male,43.51668093444261,8,2,340376,16.257103786718236,E101,Q,11,0,Middle-Aged,Medium-Low
377,0,3,"Passenger, Person 377",male,53.07803474083536,0,2,340377,11.786412989206791,,C,3,0,Middle-Aged,Medium-Low
378,1,1,"Passenger, Person 378",male,48.766259576968686,0,1,PC 17378,140.74121309696287,B96 B98,S,2,0,Middle-Aged,High
379,0,3,"Passenger, Person 379",male,53.47948567588519,0,1,340379,15.183390582791708,,S,2,0,Middle-Aged,Medium-Low
380,1,2,"Passenger, Person 380",female,40.46084862054243,1,0,340380,36.6231855160093,D,C,2,0,Middle-Aged,High
381,1,1,"Passenger, Person 381",female,,0,0,PC 17381,83.2404922406724,,S,1,1,,High
382,1,3,"Passenger, Person 382",female,6.471495727491057,2,0,340382,33.216960084180705,E101,C,3,0,Child,Medium-High
383,0,3,"Passenger, Person 383",male,26.132093922115747,0,0,340383,8.611474848951818,,C,1,1,Adult,Medium-Low
384,0,3,"Passenger, Person 384",male,17.472924367915223,0,0,340384,5.214813807183633,,C,1,1,Teens,Low
385,0,3,"Passenger, Person 385",male,61.178669403718295,0,0,340385,19.700329422546712,,S,1,1,Senior,Medium-High
386,0,3,"Passenger, Person 386",male,,0,0,340386,28.68490131211519,E101,S,1,1,,Medium-High
387,1,2,"Passenger, Person 387",female,31.486469698375043,0,0,340387,2.735557040392054,,S,1,1,Adult,Low
388,1,1,"Passenger, Person 388",male,,0,0,PC 17388,68.78472943928342,,S,1,1,,High
389,0,3,"Passenger, Person 389",male,30.33223547240058,0,0,340389,6.961398604055421,E101,S,1,1,Adult,Low
390,0,3,"Passenger, Person 390",male,54.27824008624592,0,0,340390,15.251361142912875,,S,1,1,Middle-Aged,Medium-Low
391,1,3,"Passenger, Person 391",female,20.671584254850448,0,1,340391,13.790197158493452,,S,2,0,Adult,Medium-Low
392,0,2,"Passenger, Person 392",male,32.52180810094002,1,0,340392,38.14995621916037,,C,2,0,Adult,High
393,0,2,"Passenger, Person 393",male,18.9341765073783,1,0,340393,19.25073769262782,,S,2,0,Adult,Medium-High
394,0,3,"Passenger, Person 394",male,10.559673587299764,0,0,340394,28.80262508867252,,S,1,1,Child,Medium-High
395,0,2,"Passenger, Person 395",male,20.82934818187336,0,0,340395,16.563695631757085,,S,1,1,Adult,Medium-Low
396,0,3,"Passenger, Person 396",male,29.162966442798027,0,0,340396,23.87130062615738,,S,1,1,Adult,Medium-High
397,0,3,"Passenger, Person 397",male,23.47511774449973,0,0,340397,16.19529330950391,,S,1,1,Adult,Medium-Low
398,0,2,"Passenger, Person 398",male,,0,0,340398,43.14851018288478,,C,1,1,,High
399,1,3,"Passenger, Person 399",male,9.308396776758409,0,0,340399,0.0,,S,1,1,Child,Low
400,0,3,"Passenger, Person 400",male,28.494969196883925,0,0,340400,0.877565104641929,,S,1,1,Adult,Low
401,1,1,"Passenger, Person 401",male,7.881554576550467,0,2,PC 17401,227.01653820335417,,S,3,0,Child,High
402,0,3,"Passenger, Person 402",male,40.72081147349924,0,2,340402,5.614083971650108,,C,3,0,Middle-Aged,Low
403,0,3,"Passenger, Person 403",female,30.895376417550295,1,0,340403,6.312163061165522,,C,2,0,Adult,Low
404,1,3,"Passenger, Person 404",female,8.565503257758506,4,0,340404,4.047040559501602,,Q,5,0,Child,Low
405,0,2,"Passenger, Person 405",male,,0,0,340405,35.58979743493841,C22 C26,C,1,1,,High
406,1,3,"Passenger, Person 406",male,18.793732118936543,0,0,340406,0.0,,Q,1,1,Adult,Low
407,1,2,"Passenger, Person 407",male,34.32803040107812,1,2,340407,20.951855359609592,,C,4,0,Adult,Medium-High
408,0,1,"Passenger, Person 408",male,,2,0,PC 17408,63.43149790111806,D,S,3,0,,High
409,1,3,"Passenger, Person 409",female,2.509999190136703,0,1,340409,25.08167141854878,,S,2,0,Child,Medium-High
410,1,1,"Passenger, Person 410",male,,0,0,PC 17410,40.182752338131706,C22 C26,S,1,1,,High
411,1,2,"Passenger, Person 411",female,27.378074464283713,0,4,340411,26.05854352847256,,S,5,0,Adult,Medium-High
412,0,3,"Passenger, Person 412",male,39.43443110853175,0,0,340412,0.7966220928500332,,S,1,1,Middle-Aged,Low
413,1,3,"Passenger, Person 413",male,32.791351109446495,0,1,340413,38.69335142544921,,S,2,0,Adult,High
414,1,3,"Passenger, Person 414",female,18.796444689787123,0,0,340414,11.044484428809202,,C,1,1,Adult,Medium-Low
415,1,3,"Passenger, Person 415",female,,0,0,340415,13.77639833373904,,Q,1,1,,Medium-Low
416,0,2,"Passenger, Person 416",female,18.157625076349408,0,0,340416,42.17180666505705,E101,S,1,1,Adult,High
417,1,2,"Passenger, Person 417",female,45.302103509679675,1,0,340417,13.033253934032276,,S,2,0,Middle-Aged,Medium-Low
418,0,2,"Passenger, Person 418",male,30.00901890574316,0,2,340418,42.33597045820201,,Q,3,0,Adult,High
419,0,3,"Passenger, Person 419",female,57.26726494341861,0,2,340419,9.153817084482432,,S,3,0,Middle-Aged,Medium-Low
420,0,3,"Passenger, Person 420",male,28.820418199688,0,1,340420,21.068680022033853,,C,2,0,Adult,Medium-High
421,0,3,"Passenger, Person 421",female,,0,0,340421,7.380501958247713,,S,1,1,,Low
422,1,3,"Passenger, Person 422",male,,4,1,340422,0.0,C23 C25 C27,S,6,0,,Low
423,1,1,"Passenger, Person 423",female,3.5544746942887957,0,0,PC 17423,116.48835934216804,,S,1,1,Child,High
424,0,3,"Passenger, Person 424",male,,0,0,340424,20.71893741081886,,C,1,1,,Medium-High
425,0,1,"Passenger, Person 425",male,33.57333643966651,1,0,PC 17425,0.0,,S,2,0,Adult,Low
426,0,3,"Passenger, Person 426",male,37.07651283683404,0,0,340426,10.302358492004169,B96 B98,S,1,1,Middle-Aged,Medium-Low
427,1,2,"Passenger, Person 427",female,,1,0,340427,36.26986649997979,,S,2,0,,High
428,0,3,"Passenger, Person 428",male,42.67805555410367,0,0,340428,20.281308458762712,C23 C25 C27,S,1,1,Middle-Aged,Medium-High
429,0,2,"Passenger, Person 429",male,,0,0,340429,15.52220497680734,,Q,1,1,,Medium-Low
430,0,1,"Passenger, Person 430",male,31.828498673790467,0,1,PC 17430,37.54299527251247,,C,2,0,Adult,High
431,0,1,"Passenger, Person 431",male,,0,0,PC 17431,236.11305736051256,E101,S,1,1,,High
432,1,3,"Passenger, Person 432",female,42.70417008005021,1,0,340432,0.0,,S,2,0,Middle-Aged,Low
433,0,3,"Passenger, Person 433",male,,1,0,340433,13.028815681505373,C22 C26,S,2,0,,Medium-Low
434,1,1,"Passenger, Person 434",female,16.77771273147833,0,0,PC 17434,0.0,B96 B98,C,1,1,Teens,Low
435,0,1,"Passenger, Person 435",male,0.42,0,0,PC 17435,186.70554229785395,,C,1,1,Child,High
436,0,3,"Passenger, Person 436",male,19.272276870984907,1,0,340436,13.601640265708296,,S,2,0,Adult,Medium-Low
437,1,1,"Passenger, Person 437",female,,2,0,PC 17437,98.04757861201588,,C,3,0,,High
438,1,3,"Passenger, Person 438",female,,0,0,340438,44.1378154059037,,S,1,1,,High
439,0,3,"Passenger, Person 439",male,27.796773977161585,0,0,340439,7.151800566899674,,Q,1,1,Adult,Low
440,0,1,"Passenger, Person 440",male,30.814352302902137,0,1,PC 17440,220.53892129656563,,Q,2,0,Adult,High
441,1,1,"Passenger, Person 441",female,26.43958826378286,1,0,PC 17441,53.6729106761613,,C,2,0,Adult,High
442,0,3,"Passenger, Person 442",male,20.27496257805983,0,0,340442,11.111362966566118,,C,1,1,Adult,Medium-Low
443,1,2,"Passenger, Person 443",female,32.14549274351755,0,1,340443,54.95627833606779,,S,2,0,Adult,High
444,0,2,"Passenger, Person 444",female,36.10813941875643,1,0,340444,18.56582509559825,,C,2,0,Middle-Aged,Medium-Low
445,1,3,"Passenger, Person 445",female,13.889213377078732,0,0,340445,0.0,C22 C26,S,1,1,Teens,Low
446,1,3,"Passenger, Person 446",male,50.158519506320914,0,1,340446,16.781106669389438,C22 C26,S,2,0,Middle-Aged,Medium-Low
447,1,3,"Passenger, Person 447",female,28.270472081878204,0,0,340447,11.779894923162953,,S,1,1,Adult,Medium-Low
448,0,3,"Passenger, Person 448",male,29.97331953270029,0,0,340448,17.718054259072463,,C,1,1,Adult,Medium-Low
449,0,2,"Passenger, Person 449",male,39.96910913722008,0,0,340449,18.923228686739,,S,1,1,Middle-Aged,Medium-High
450,0,1,"Passenger, Person 450",male,33.08163390332078,0,0,PC 17450,256.9624800639716,,S,1,1,Adult,High
451,0,3,"Passenger, Person 451",male,43.52048119174205,0,0,340451,19.804094227195293,,S,1,1,Middle-Aged,Medium-High
452,1,3,"Passenger, Person 452",female,33.86330039542645,0,0,340452,1.8553890950160017,,S,1,1,Adult,Low
453,1,2,"Passenger, Person 453",female,20.81965806771365,1,0,340453,22.279108426310103,B96 B98,S,2,0,Adult,Medium-High
454,1,3,"Passenger, Person 454",female,34.941801115488474,1,0,340454,4.884071934162572,,C,2,0,Adult,Low
455,0,1,"Passenger, Person 455",male,13.115969993850404,0,0,PC 17455,64.8283202847696,F2,C,1,1,Teens,High
456,0,3,"Passenger, Person 456",male,,0,0,340456,3.6651521837649494,,S,1,1,,Low
457,0,1,"Passenger, Person 457",male,29.21816513565532,0,0,PC 17457,248.50524481006977,,C,1,1,Adult,High
458,1,3,"Passenger, Person 458",female,26.682305569548173,0,0,340458,6.074769233039561,,C,1,1,Adult,Low
459,1,1,"Passenger, Person 459",male,27.836206084135505,0,0,PC 17459,137.78001945554269,,S,1,1,Adult,High
460,1,1,"Passenger, Person 460",female,2.4131888402842323,0,2,PC 17460,58.918605093623086,,C,3,0,Child,High
461,0,1,"Passenger, Person 461",male,21.743488837756058,0,0,PC 17461,0.0,,Q,1,1,Adult,Low
462,0,3,"Passenger, Person 462",male,,0,0,340462,15.854142331894575,,S,1,1,,Medium-Low
463,0,3,"Passenger, Person 463",female,,0,0,340463,18.087610207942777,,S,1,1,,Medium-Low
464,0,3,"Passenger, Person 464",male,14.798710456573607,1,0,340464,19.82489186029965,A10,Q,2,0,Teens,Medium-High
465,1,3,"Passenger, Person 465",female,48.05276369253816,0,2,340465,0.0,B96 B98,S,3,0,Middle-Aged,Low
466,1,2,"Passenger, Person 466",female,17.14046470088974,0,0,340466,4.607005722301816,,S,1,1,Teens,Low
467,0,2,"Passenger, Person 467",male,,0,2,340467,33.1082113472845,,S,3,0,,Medium-High
468,0,3,"Passenger, Person 468",male,35.89431824713943,1,0,340468,3.5203234113032886,A10,S,2,0,Middle-Aged,Low
469,0,1,"Passenger, Person 469",male,20.329704007264855,1,0,PC 17469,99.97963592418868,,C,2,0,Adult,High
470,0,3,"Passenger, Person 470",female,,0,0,340470,0.0,,S,1,1,,Low
471,0,1,"Passenger, Person 471",male,12.392265939531038,0,1,PC 17471,141.21488596835837,,S,2,0,Teens,High
472,0,3,"Passenger, Person 472",male,,0,0,340472,23.923965555951316,,S,1,1,,Medium-High
473,0,1,"Passenger, Person 473",male,44.20844361162318,0,0,PC 17473,141.2389726814446,,S,1,1,Middle-Aged,High
474,1,3,"Passenger, Person 474",female,19.97600696838865,0,0,340474,25.03812493588957,D,S,1,1,Adult,Medium-High
475,0,3,"Passenger, Person 475",male,49.89074685093277,1,0,340475,30.882901593894857,C22 C26,S,2,0,Middle-Aged,Medium-High
476,1,3,"Passenger, Person 476",female,26.074325538315183,0,2,340476,0.7651845523012808,,C,3,0,Adult,Low
477,1,1,"Passenger, Person 477",female,33.88605762455793,1,0,PC 17477,22.633589370193732,,S,2,0,Adult,Medium-High
478,0,3,"Passenger, Person 478",male,33.4746666621827,0,0,340478,23.55297927334174,,S,1,1,Adult,Medium-High
479,0,3,"Passenger, Person 479",male,,0,0,340479,26.11241749021229,,S,1,1,,Medium-High
480,1,3,"Passenger, Person 480",female,41.45671996081684,1,0,340480,6.262227510708819,D,S,2,0,Middle-Aged,Low
481,0,3,"Passenger, Person 481",male,41.20558644800709,0,2,340481,5.497253281418574,,S,3,0,Middle-Aged,Low
482,1,3,"Passenger, Person 482",female,4.346286388046378,0,0,340482,6.5056516107644375,,S,1,1,Child,Low
483,1,3,"Passenger, Person 483",male,48.61293352173321,0,0,340483,0.0,,C,1,1,Middle-Aged,Low
484,0,3,"Passenger, Person 484",male,5.593866173482722,0,1,340484,0.0,,S,2,0,Child,Low
485,1,3,"Passenger, Person 485",female,44.67191996295403,8,0,340485,0.0,,C,9,0,Middle-Aged,Low
486,1,3,"Passenger, Person 486",male,46.03722448399996,0,0,340486,10.444916788138032,,S,1,1,Middle-Aged,Medium-Low
487,0,1,"Passenger, Person 487",male,,5,0,PC 17487,105.27524823504848,,Q,6,0,,High
488,1,2,"Passenger, Person 488",male,23.74319282465852,4,0,340488,26.29514681135084,,S,5,0,Adult,Medium-High
489,0,3,"Passenger, Person 489",male,13.66728230695393,1,0,340489,8.085815213967509,,S,2,0,Teens,Low
490,0,3,"Passenger, Person 490",male,26.583645060813335,0,2,340490,8.356141720910331,C23 C25 C27,S,3,0,Adult,Low
491,0,3,"Passenger, Person 491",male,25.23350287930675,0,0,340491,15.040276446663874,,S,1,1,Adult,Medium-Low
492,0,3,"Passenger, Person 492",female,41.00507771790543,1,0,340492,0.0,,S,2,0,Middle-Aged,Low
493,0,2,"Passenger, Person 493",male,48.699476818734325,0,2,340493,33.132726917080156,C23 C25 C27,Q,3,0,Middle-Aged,Medium-High
494,0,1,"Passenger, Person 494",female,49.937415256454365,0,0,PC 17494,184.41005176311313,,S,1,1,Middle-Aged,High
495,0,3,"Passenger, Person 495",male,21.54856361461462,0,0,340495,6.798612985431562,,S,1,1,Adult,Low
496,0,2,"Passenger, Person 496",female,26.666282830704347,0,0,340496,15.480329928465872,,C,1,1,Adult,Medium-Low
497,0,3,"Passenger, Person 497",male,5.290146212796223,0,2,340497,27.35643447329686,,S,3,0,Child,Medium-High
498,1,1,"Passenger, Person 498",female,18.014884035805263,0,0,PC 17498,74.55197590278785,,C,1,1,Adult,High
499,1,3,"Passenger, Person 499",male,,0,1,340499,20.150699905467924,,S,2,0,,Medium-High
500,1,3,"Passenger, Person 500",male,53.12595094144936,1,1,340500,12.664640668191486,,S,3,0,Middle-Aged,Medium-Low
501,0,3,"Passenger, Person 501",male,11.80194135774113,0,0,340501,30.799381273283014,,S,1,1,Child,Medium-High
502,0,3,"Passenger, Person 502",male,21.109268242283033,2,0,340502,19.070875910766453,C23 C25 C27,S,3,0,Adult,Medium-High
503,0,2,"Passenger, Person 503",male,29.317116524095557,1,1,340503,27.7795250349495,,S,3,0,Adult,Medium-High
504,0,3,"Passenger, Person 504",male,33.76233680288429,1,0,340504,19.909371926069458,,C,2,0,Adult,Medium-High
505,1,3,"Passenger, Person 505",female,17.96074896113613,0,1,340505,7.573748900395164,,S,2,0,Teens,Low
506,0,1,"Passenger, Person 506",male,,1,2,PC 17506,48.01734732004226,,S,4,0,,High
507,0,3,"Passenger, Person 507",male,22.829329467471716,0,0,340507,491.63940908971415,,Q,1,1,Adult,High
508,0,3,"Passenger, Person 508",male,29.49044207226495,1,0,340508,15.070541123769791,,S,2,0,Adult,Medium-Low
509,1,3,"Passenger, Person 509",female,37.62112159605364,0,1,340509,0.726278914070497,,C,2,0,Middle-Aged,Low
510,0,3,"Passenger, Person 510",male,29.793122912258596,1,1,340510,34.28414867087258,,Q,3,0,Adult,Medium-High
511,0,3,"Passenger, Person 511",male,23.372404587364755,8,0,340511,24.438790540268094,,C,9,0,Adult,Medium-High
512,0,2,"Passenger, Person 512",male,28.11065784307545,0,0,340512,21.149142209985246,,C,1,1,Adult,Medium-High
513,1,3,"Passenger, Person 513",female,,0,0,340513,10.671489200200387,,S,1,1,,Medium-Low
514,1,3,"Passenger, Person 514",female,24.33484006670914,1,0,340514,15.86543443283091,,S,2,0,Adult,Medium-Low
515,1,1,"Passenger, Person 515",male,25.947457091327017,0,0,PC 17515,124.51656773427932,,C,1,1,Adult,High
516,1,1,"Passenger, Person 516",female,52.8803839723184,1,0,PC 17516,0.0,,S,2,0,Middle-Aged,Low
517,1,2,"Passenger, Person 517",female,37.83333199514796,0,0,340517,479.37706840184313,E101,S,1,1,Middle-Aged,High
518,1,3,"Passenger, Person 518",male,25.415535388577172,0,0,340518,4.9912725991638816,,C,1,1,Adult,Low
519,1,3,"Passenger, Person 519",female,39.80583886540567,4,0,340519,13.65903803712367,B96 B98,S,5,0,Middle-Aged,Medium-Low
520,1,1,"Passenger, Person 520",male,24.859617398537853,0,0,PC 17520,86.86961685677339,C22 C26,Q,1,1,Adult,High
521,0,3,"Passenger, Person 521",male,46.7103072450063,1,0,340521,35.64535240557736,,C,2,0,Middle-Aged,High
522,0,2,"Passenger, Person 522",male,35.05981178687236,0,0,340522,19.51439006691297,F2,C,1,1,Middle-Aged,Medium-High
523,0,3,"Passenger, Person 523",male,,0,0,340523,31.15358023788992,A10,C,1,1,,Medium-High
524,0,3,"Passenger, Person 524",male,,0,0,340524,18.154002164072253,,C,1,1,,Medium-Low
525,1,3,"Passenger, Person 525",female,6.922295795006759,0,0,340525,3.099266515734558,E101,C,1,1,Child,Low
526,0,3,"Passenger, Person 526",male,13.361871700807823,1,0,340526,15.161782149130849,,S,2,0,Teens,Medium-Low
527,0,2,"Passenger, Person 527",male,,0,2,340527,19.11938661770614,,S,3,0,,Medium-High
528,0,2,"Passenger, Person 528",male,31.772674874073747,0,0,340528,6.567083696245022,,C,1,1,Adult,Low
529,1,1,"Passenger, Person 529",female,54.821467492533834,0,2,PC 17529,112.05237601883483,,C,3,0,Middle-Aged,High
530,1,3,"Passenger, Person 530",male,62.05385211979317,1,0,340530,13.923130248348414,E101,S,2,0,Senior,Medium-Low
531,0,3,"Passenger, Person 531",male,,0,0,340531,19.80063876004394,E101,S,1,1,,Medium-High
532,0,3,"Passenger, Person 532",male,36.96224488669463,1,2,340532,15.806880575581465,,S,4,0,Middle-Aged,Medium-Low
533,0,3,"Passenger, Person 533",male,3.584662854785285,0,0,340533,317.6289484738019,,S,1,1,Child,High
534,0,3,"Passenger, Person 534",female,21.831229903856684,0,0,340534,22.13167391519346,,Q,1,1,Adult,Medium-High
535,1,3,"Passenger, Person 535",female,,1,0,340535,6.81161891721063,,Q,2,0,,Low
536,0,3,"Passenger, Person 536",male,20.697709825358817,0,0,340536,0.0,,S,1,1,Adult,Low
537,1,3,"Passenger, Person 537",female,27.26191463052055,0,0,340537,15.095182427496384,,S,1,1,Adult,Medium-Low
538,0,2,"Passenger, Person 538",male,22.854686623391657,0,0,340538,13.457041545958134,,S,1,1,Adult,Medium-Low
539,1,3,"Passenger, Person 539",female,1.0001527495510771,0,0,340539,17.883435548362982,,C,1,1,Child,Medium-Low
540,1,1,"Passenger, Person 540",male,40.54469871370424,1,0,PC 17540,240.06199540329777,,S,2,0,Middle-Aged,High
541,1,3,"Passenger, Person 541",male,14.145226126772805,0,3,340541,35.985136624628645,,S,4,0,Teens,High
542,0,3,"Passenger, Person 542",male,33.169079529611665,1,0,340542,11.863647855559762,,S,2,0,Adult,Medium-Low
543,1,1,"Passenger, Person 543",female,59.774198711374616,0,0,PC 17543,19.681816642807664,,S,1,1,Middle-Aged,Medium-High
544,0,3,"Passenger, Person 544",male,16.36892342199686,0,1,340544,20.11151610109714,,S,2,0,Teens,Medium-High
545,0,3,"Passenger, Person 545",male,0.42,2,0,340545,9.6075184894701,,S,3,0,Child,Medium-Low
546,0,2,"Passenger, Person 546",male,25.55293878273839,0,0,340546,25.753094790510257,,S,1,1,Adult,Medium-High
547,1,1,"Passenger, Person 547",female,45.66391470747928,0,0,PC 17547,32.60286054630537,,S,1,1,Middle-Aged,Medium-High
548,0,3,"Passenger, Person 548",male,58.09603808619861,0,0,340548,16.437616576250274,,S,1,1,Middle-Aged,Medium-Low
549,1,3,"Passenger, Person 549",female,11.871530880439956,0,0,340549,4.748284324771761,,C,1,1,Child,Low
550,1,3,"Passenger, Person 550",female,36.902138736929565,0,1,340550,26.70678757634613,,C,2,0,Middle-Aged,Medium-High
551,0,3,"Passenger, Person 551",male,22.952998376689223,0,3,340551,7.190245401721263,A10,C,4,0,Adult,Low
552,1,3,"Passenger, Person 552",female,,0,0,340552,20.95212789308466,E101,Q,1,1,,Medium-High
553,0,3,"Passenger, Person 553",male,68.042978531747,0,0,340553,0.0,,S,1,1,Senior,Low
554,1,3,"Passenger, Person 554",female,,0,0,340554,22.272912422717603,,S,1,1,,Medium-High
555,0,3,"Passenger, Person 555",male,33.379225091671316,0,0,340555,3.0497752380497953,,S,1,1,Adult,Low
556,0,2,"Passenger, Person 556",female,36.481550990598784,0,2,340556,24.05529849066862,B96 B98,C,3,0,Middle-Aged,Medium-High
557,1,1,"Passenger, Person 557",female,,0,0,PC 17557,163.95967592114297,,Q,1,1,,High
558,1,1,"Passenger, Person 558",female,31.12075572532798,4,0,PC 17558,68.55133391257122,,S,5,0,Adult,High
559,1,3,"Passenger, Person 559",female,34.16673282280948,0,1,340559,2.359163981794735,C23 C25 C27,S,2,0,Adult,Low
560,1,3,"Passenger, Person 560",male,24.021095772384033,1,0,340560,19.14493757849513,,S,2,0,Adult,Medium-High
561,0,3,"Passenger, Person 561",male,33.60234064805405,0,0,340561,4.429204611147974,,C,1,1,Adult,Low
562,1,1,"Passenger, Person 562",female,,0,0,PC 17562,52.61884326261619,,S,1,1,,High
563,0,1,"Passenger, Person 563",male,38.71279240291273,0,1,PC 17563,104.85608744066673,C22 C26,S,2,0,Middle-Aged,High
564,0,1,"Passenger, Person 564",male,24.340650127367308,0,0,PC 17564,190.28273081640103,B96 B98,S,1,1,Adult,High
565,0,2,"Passenger, Person 565",female,35.167955711581705,0,1,340565,21.005193599393095,,S,2,0,Middle-Aged,Medium-High
566,1,3,"Passenger, Person 566",female,,0,0,340566,13.931432608296358,B96 B98,C,1,1,,Medium-Low
567,1,2,"Passenger, Person 567",female,,0,1,340567,30.24766761709707,,S,2,0,,Medium-High
568,0,2,"Passenger, Person 568",male,28.95479100796695,2,1,340568,21.31483465674896,,C,4,0,Adult,Medium-High
569,0,3,"Passenger, Person 569",female,3.9910292110002183,0,0,340569,20.67083219816188,C22 C26,S,1,1,Child,Medium-High
570,0,2,"Passenger, Person 570",male,47.99786176035288,0,0,340570,399.80915836982194,,C,1,1,Middle-Aged,High
571,0,3,"Passenger, Person 571",female,16.566881637492024,1,0,340571,10.074891347052006,,C,2,0,Teens,Medium-Low
572,0,3,"Passenger, Person 572",male,20.220388089592113,0,0,340572,0.0,E101,S,1,1,Adult,Low
573,1,2,"Passenger, Person 573",female,,0,0,340573,10.026947783388938,,S,1,1,,Medium-Low
574,1,3,"Passenger, Person 574",female,49.62935235097685,1,0,340574,26.97550211918833,C22 C26,C,2,0,Middle-Aged,Medium-High
575,1,3,"Passenger, Person 575",male,0.42,1,0,340575,13.308587404625804,,S,2,0,Child,Medium-Low
576,0,3,"Passenger, Person 576",female,75.19735373806992,1,0,340576,9.94956701979311,,C,2,0,Senior,Medium-Low
577,0,1,"Passenger, Person 577",male,45.01282373145775,0,0,PC 17577,175.1592294698502,C23 C25 C27,C,1,1,Middle-Aged,High
578,1,3,"Passenger, Person 578",female,,0,0,340578,12.565425921471146,C23 C25 C27,C,1,1,,Medium-Low
579,0,3,"Passenger, Person 579",female,,3,0,340579,0.0,C23 C25 C27,S,4,0,,Low
580,0,2,"Passenger, Person 580",male,,0,1,340580,1.091073206891536,,S,2,0,,Low
581,1,3,"Passenger, Person 581",female,37.25627521150041,0,0,340581,18.285128228985965,,S,1,1,Middle-Aged,Medium-Low
582,1,3,"Passenger, Person 582",female,39.05562599627583,0,0,340582,12.94419964245801,,S,1,1,Middle-Aged,Medium-Low
583,0,3,"Passenger, Person 583",male,37.756264757050005,0,2,340583,29.68122126712144,,C,3,0,Middle-Aged,Medium-High
584,0,2,"Passenger, Person 584",male,30.998919878201107,0,0,340584,11.127507110545702,,C,1,1,Adult,Medium-Low
585,1,3,"Passenger, Person 585",female,26.83859290554377,0,2,340585,10.27549161795826,,S,3,0,Adult,Medium-Low
586,1,2,"Passenger, Person 586",female,27.50653738702408,0,0,340586,9.16146005021974,,C,1,1,Adult,Medium-Low
587,1,1,"Passenger, Person 587",female,,0,0,PC 17587,43.54365414092469,F2,S,1,1,,High
588,1,1,"Passenger, Person 588",female,,1,0,PC 17588,328.08709194608144,,S,2,0,,High
589,1,1,"Passenger, Person 589",male,38.3065724730725,0,0,PC 17589,54.066596204058534,C22 C26,Q,1,1,Middle-Aged,High
590,1,1,"Passenger, Person 590",female,0.42,0,0,PC 17590,80.10422862594767,E101,Q,1,1,Child,High
591,0,1,"Passenger, Person 591",male,39.21056125968153,0,0,PC 17591,73.51619428767671,A10,S,1,1,Middle-Aged,High
592,0,3,"Passenger, Person 592",male,32.52367482342223,0,0,340592,37.3250859010609,,Q,1,1,Adult,High
593,1,1,"Passenger, Person 593",male,29.428723031534485,0,0,PC 17593,227.16179701980457,,S,1,1,Adult,High
594,0,2,"Passenger, Person 594",male,,0,0,340594,10.89830687750589,A10,S,1,1,,Medium-Low
595,1,3,"Passenger, Person 595",male,45.9996344397972,1,0,340595,0.0,,S,2,0,Middle-Aged,Low
596,0,3,"Passenger, Person 596",male,43.43913370078144,2,0,340596,12.588796117752876,C23 C25 C27,Q,3,0,Middle-Aged,Medium-Low
597,1,3,"Passenger, Person 597",female,,0,0,340597,17.821611519876825,C22 C26,S,1,1,,Medium-Low
598,1,1,"Passenger, Person 598",male,35.602258163305756,0,2,PC 17598,17.032242276138852,,S,3,0,Middle-Aged,Medium-Low
599,0,1,"Passenger, Person 599",male,15.610977349151357,0,0,PC 17599,20.893900553793618,,S,1,1,Teens,Medium-High
600,0,1,"Passenger, Person 600",male,9.69553661056051,1,2,PC 17600,207.58928760637752,C23 C25 C27,C,4,0,Child,High
601,1,1,"Passenger, Person 601",male,20.612600243445502,1,1,PC 17601,64.0609774506663,,S,3,0,Adult,High
602,0,2,"Passenger, Person 602",male,,0,0,340602,29.2692524140446,,S,1,1,,Medium-High
603,0,1,"Passenger, Person 603",male,43.520313157953254,0,0,PC 17603,11.586155567353291,C22 C26,S,1,1,Middle-Aged,Medium-Low
604,1,1,"Passenger, Person 604",male,37.13973859141075,1,0,PC 17604,79.70864421946615,,S,2,0,Middle-Aged,High
605,1,1,"Passenger, Person 605",female,,0,0,PC 17605,57.91560841650804,,S,1,1,,High
606,1,3,"Passenger, Person 606",male,37.18458516316689,0,0,340606,6.250894373163831,F2,S,1,1,Middle-Aged,Low
607,0,1,"Passenger, Person 607",male,20.39851686926719,0,0,PC 17607,174.26343209869205,,C,1,1,Adult,High
608,0,2,"Passenger, Person 608",male,35.96287689777214,0,0,340608,2.604598874770817,,S,1,1,Middle-Aged,Low
609,1,3,"Passenger, Person 609",female,41.30593811580139,1,0,340609,16.980625080624186,,C,2,0,Middle-Aged,Medium-Low
610,1,3,"Passenger, Person 610",male,40.63722428229683,3,0,340610,9.773661789604514,,S,4,0,Middle-Aged,Medium-Low
611,0,1,"Passenger, Person 611",male,,0,0,PC 17611,116.5063095987982,,S,1,1,,High
612,0,3,"Passenger, Person 612",male,39.970405784415426,0,1,340612,9.922657045598068,,S,2,0,Middle-Aged,Medium-Low
613,0,3,"Passenger, Person 613",male,34.795999009352954,0,0,340613,23.219123681108332,,C,1,1,Adult,Medium-High
614,0,1,"Passenger, Person 614",male,45.2171784555882,0,0,PC 17614,10.853197336332144,B96 B98,C,1,1,Middle-Aged,Medium-Low
615,0,3,"Passenger, Person 615",male,29.315441740888627,0,0,340615,26.413085108428437,,S,1,1,Adult,Medium-High
616,1,3,"Passenger, Person 616",male,,0,0,340616,13.363170358581362,,S,1,1,,Medium-Low
617,0,1,"Passenger, Person 617",male,27.33552902281542,0,0,PC 17617,0.0,,S,1,1,Adult,Low
618,0,2,"Passenger, Person 618",male,18.898911650306488,0,0,340618,29.502800926736704,E101,S,1,1,Adult,Medium-High
619,1,3,"Passenger, Person 619",female,19.909915012871465,0,0,340619,11.492652821305835,C22 C26,S,1,1,Adult,Medium-Low
620,1,3,"Passenger, Person 620",female,,0,0,340620,0.0,,S,1,1,,Low
621,1,1,"Passenger, Person 621",female,18.20991114550056,0,2,PC 17621,110.08251053319188,,C,3,0,Adult,High
622,1,1,"Passenger, Person 622",female,25.234557820233917,0,2,PC 17622,162.6644657916606,,S,3,0,Adult,High
623,0,2,"Passenger, Person 623",male,,5,0,340623,37.327764624681706,,S,6,0,,High
624,0,3,"Passenger, Person 624",male,32.79275875690761,0,0,340624,9.51812929140257,,S,1,1,Adult,Medium-Low
625,0,3,"Passenger, Person 625",male,29.71747939275225,0,0,340625,15.278498608583115,,S,1,1,Adult,Medium-Low
626,0,2,"Passenger, Person 626",male,17.852214849511235,1,0,340626,21.316972456307848,,S,2,0,Teens,Medium-High
627,1,3,"Passenger, Person 627",female,39.25906219226987,8,0,340627,30.067828947284887,,S,9,0,Middle-Aged,Medium-High
628,1,3,"Passenger, Person 628",male,43.29476699558509,0,0,340628,4.764625593893513,C23 C25 C27,S,1,1,Middle-Aged,Low
629,1,1,"Passenger, Person 629",female,6.3903819666498745,1,2,PC 17629,47.90656272804575,,S,4,0,Child,High
630,0,2,"Passenger, Person 630",male,18.640490710789894,0,0,340630,9.808635977152518,D,S,1,1,Adult,Medium-Low
631,1,3,"Passenger, Person 631",female,18.547435928084177,0,0,340631,0.0,,S,1,1,Adult,Low
632,0,3,"Passenger, Person 632",male,,0,0,340632,16.4056589915729,,S,1,1,,Medium-Low
633,0,3,"Passenger, Person 633",male,41.727385208010354,0,0,340633,31.29428164955346,D,S,1,1,Middle-Aged,Medium-High
634,0,3,"Passenger, Person 634",male,,1,0,340634,11.496670956334327,C23 C25 C27,S,2,0,,Medium-Low
635,0,1,"Passenger, Person 635",male,25.864534800996143,0,3,PC 17635,15.36206351963553,,S,4,0,Adult,Medium-Low
636,0,2,"Passenger, Person 636",male,0.643995716102074,0,0,340636,23.08917612901689,,S,1,1,Child,Medium-High
637,0,3,"Passenger, Person 637",male,,0,0,340637,20.160299966499213,,S,1,1,,Medium-High
638,1,2,"Passenger, Person 638",female,11.730753274624648,0,0,340638,505.2272960806196,,S,1,1,Child,High
639,0,2,"Passenger, Person 639",male,30.56902313886176,0,0,340639,38.9059593154043,,S,1,1,Adult,High
640,0,2,"Passenger, Person 640",male,33.72196560039379,1,0,340640,10.099295374262216,,S,2,0,Adult,Medium-Low
641,0,1,"Passenger, Person 641",male,49.42954963966043,1,0,PC 17641,61.76636835203571,,Q,2,0,Middle-Aged,High
642,0,2,"Passenger, Person 642",female,,1,0,340642,24.507842762958507,,S,2,0,,Medium-High
643,1,1,"Passenger, Person 643",male,0.42,1,1,PC 17643,114.80117270419052,,S,3,0,Child,High
644,0,2,"Passenger, Person 644",male,32.365818398928575,0,0,340644,21.27396519987609,,S,1,1,Adult,Medium-High
645,0,1,"Passenger, Person 645",male,55.80741213190738,1,0,PC 17645,0.0,,S,2,0,Middle-Aged,Low
646,0,3,"Passenger, Person 646",male,47.66472211762184,0,0,340646,39.398125446269624,,C,1,1,Middle-Aged,High
647,1,3,"Passenger, Person 647",female,32.740061521482076,0,1,340647,11.0843309344929,,S,2,0,Adult,Medium-Low
648,0,3,"Passenger, Person 648",male,22.571275308335313,0,0,340648,14.892942704431224,,Q,1,1,Adult,Medium-Low
649,1,3,"Passenger, Person 649",male,41.403277651241,0,0,340649,20.464372024902783,,S,1,1,Middle-Aged,Medium-High
650,1,3,"Passenger, Person 650",female,15.583580104285204,0,0,340650,6.678441010855177,,S,1,1,Teens,Low
651,1,1,"Passenger, Person 651",male,36.60718765566518,0,0,PC 17651,88.59026082792053,,C,1,1,Middle-Aged,High
652,0,3,"Passenger, Person 652",male,,1,0,340652,6.230907385813761,,S,2,0,,Low
653,0,3,"Passenger, Person 653",male,45.07304365873376,0,1,340653,18.251058156216537,A10,S,2,0,Middle-Aged,Medium-Low
654,1,3,"Passenger, Person 654",female,69.71507056421062,0,0,340654,10.643750865888736,,C,1,1,Senior,Medium-Low
655,1,2,"Passenger, Person 655",male,35.39003152409212,4,0,340655,24.15334085496069,,S,5,0,Middle-Aged,Medium-High
656,1,1,"Passenger, Person 656",female,,0,0,PC 17656,461.3271663217711,,S,1,1,,High
657,0,2,"Passenger, Person 657",male,29.32917247321608,0,1,340657,9.884086357919326,,S,2,0,Adult,Medium-Low
658,0,2,"Passenger, Person 658",male,4.048399379107785,0,0,340658,2.9131712008615747,,S,1,1,Child,Low
659,0,3,"Passenger, Person 659",male,19.626659599208654,0,0,340659,5.864169127411715,,C,1,1,Adult,Low
660,1,3,"Passenger, Person 660",female,23.76540464735999,0,0,340660,0.0,,Q,1,1,Adult,Low
661,0,2,"Passenger, Person 661",male,22.10071822994841,0,0,340661,16.667697326058253,B96 B98,S,1,1,Adult,Medium-Low
662,1,3,"Passenger, Person 662",female,31.90914564448897,0,0,340662,7.80335700840781,C23 C25 C27,S,1,1,Adult,Low
663,1,3,"Passenger, Person 663",female,,0,0,340663,15.340020599875764,,S,1,1,,Medium-Low
664,0,1,"Passenger, Person 664",male,45.95494467620483,0,0,PC 17664,87.62940250587458,,S,1,1,Middle-Aged,High
665,0,1,"Passenger, Person 665",male,29.70300244131386,0,0,PC 17665,182.2022219415235,,Q,1,1,Adult,High
666,1,1,"Passenger, Person 666",male,29.565145343489917,0,0,PC 17666,286.5061944123807,,S,1,1,Adult,High
667,0,2,"Passenger, Person 667",male,,1,0,340667,35.448007170958256,,S,2,0,,Medium-High
668,1,1,"Passenger, Person 668",female,31.950264915955195,0,0,PC 17668,48.80760802874315,,C,1,1,Adult,High
669,0,1,"Passenger, Person 669",female,41.6639248376807,0,1,PC 17669,45.66552152262859,E101,C,2,0,Middle-Aged,High
670,1,2,"Passenger, Person 670",male,,1,2,340670,31.952619550624295,,S,4,0,,Medium-High
671,0,1,"Passenger, Person 671",male,20.15731090840878,0,3,PC 17671,0.0,,S,4,0,Adult,Low
672,1,3,"Passenger, Person 672",female,,0,1,340672,10.212767812201736,,S,2,0,,Medium-Low
673,0,1,"Passenger, Person 673",male,10.184871609638384,0,0,PC 17673,65.5740710665791,,Q,1,1,Child,High
674,1,3,"Passenger, Person 674",female,17.82076103403828,1,0,340674,20.105446333006928,,S,2,0,Teens,Medium-High
675,0,2,"Passenger, Person 675",male,22.79479733360245,1,0,340675,28.640262499830147,,S,2,0,Adult,Medium-High
676,1,3,"Passenger, Person 676",female,42.378643120334544,0,0,340676,5.4898340556766785,,S,1,1,Middle-Aged,Low
677,1,1,"Passenger, Person 677",male,33.507139270527915,1,0,PC 17677,51.82893238699565,,S,2,0,Adult,High
678,0,2,"Passenger, Person 678",male,32.5070537148294,0,0,340678,26.446355312825187,,S,1,1,Adult,Medium-High
679,0,3,"Passenger, Person 679",male,42.0380204514356,0,0,340679,4.891872784893587,C22 C26,Q,1,1,Middle-Aged,Low
680,0,3,"Passenger, Person 680",male,27.70810906820875,0,0,340680,26.947302782517113,A10,,1,1,Adult,Medium-High
681,0,3,"Passenger, Person 681",male,35.361740323968895,0,0,340681,20.38092756784265,,Q,1,1,Middle-Aged,Medium-High
682,1,2,"Passenger, Person 682",female,28.203284582478805,1,2,340682,22.889624126532965,,S,4,0,Adult,Medium-High
683,1,1,"Passenger, Person 683",female,,0,0,PC 17683,114.64336666591171,A10,C,1,1,,High
684,1,3,"Passenger, Person 684",male,21.249999464632054,0,0,340684,8.544203213651203,E101,C,1,1,Adult,Low
685,0,3,"Passenger, Person 685",male,0.42,2,2,340685,6.790794355936197,,S,5,0,Child,Low
686,0,3,"Passenger, Person 686",male,27.75295214829859,0,0,340686,9.00805562247407,,S,1,1,Adult,Medium-Low
687,0,3,"Passenger, Person 687",male,,0,0,340687,19.179633614858343,,S,1,1,,Medium-High
688,0,2,"Passenger, Person 688",male,43.13012333250308,0,0,340688,23.273194749212497,D,C,1,1,Middle-Aged,Medium-High
689,0,3,"Passenger, Person 689",male,,1,0,340689,9.03014094338019,,S,2,0,,Medium-Low
690,0,1,"Passenger, Person 690",male,47.62389546619016,1,1,PC 17690,142.6173759779971,,Q,3,0,Middle-Aged,High
691,0,2,"Passenger, Person 691",male,30.985535068940845,0,0,340691,18.39869650963,,S,1,1,Adult,Medium-Low
692,0,2,"Passenger, Person 692",male,32.56107775738114,0,0,340692,11.646960307340816,,C,1,1,Adult,Medium-Low
693,0,3,"Passenger, Person 693",male,,0,0,340693,16.477756602283726,,S,1,1,,Medium-Low
694,1,2,"Passenger, Person 694",female,25.11694358760778,1,0,340694,7.490616348903108,,C,2,0,Adult,Low
695,0,1,"Passenger, Person 695",male,38.628681671681555,0,2,PC 17695,265.2867771053699,,S,3,0,Middle-Aged,High
696,0,3,"Passenger, Person 696",female,47.15632433894783,0,0,340696,13.623849668782096,,Q,1,1,Middle-Aged,Medium-Low
697,0,2,"Passenger, Person 697",male,27.678029002625507,2,0,340697,12.113620681758515,,S,3,0,Adult,Medium-Low
698,0,3,"Passenger, Person 698",male,23.17225565965453,0,0,340698,10.884302120631654,,S,1,1,Adult,Medium-Low
699,1,1,"Passenger, Person 699",female,29.70765540342066,0,0,PC 17699,8.7448323847329,D,S,1,1,Adult,Medium-Low
700,1,3,"Passenger, Person 700",female,38.41749785947217,0,2,340700,308.09099782502966,,S,3,0,Middle-Aged,High
701,1,3,"Passenger, Person 701",female,8.764105166063644,4,0,340701,6.4035798167904785,B96 B98,S,5,0,Child,Low
702,0,1,"Passenger, Person 702",male,0.42,0,0,PC 17702,50.454048502676834,,S,1,1,Child,High
703,0,2,"Passenger, Person 703",male,21.71721568237204,0,0,340703,25.57248247858205,,C,1,1,Adult,Medium-High
704,1,1,"Passenger, Person 704",female,11.9996698242447,0,1,PC 17704,0.0,,S,2,0,Child,Low
705,1,1,"Passenger, Person 705",male,22.33196713411399,0,0,PC 17705,0.0,,S,1,1,Adult,Low
706,0,3,"Passenger, Person 706",male,27.557185377146663,0,1,340706,17.87048119262754,,S,2,0,Adult,Medium-Low
707,0,2,"Passenger, Person 707",male,23.127898069166307,0,0,340707,14.875680803991797,,S,1,1,Adult,Medium-Low
708,0,3,"Passenger, Person 708",male,50.76077924982581,8,2,340708,3.763553824164286,,Q,11,0,Middle-Aged,Low
709,1,2,"Passenger, Person 709",female,34.43779908673364,0,0,340709,28.50385124831516,,S,1,1,Adult,Medium-High
710,0,3,"Passenger, Person 710",male,34.05687821435701,0,0,340710,4.748861749812077,,Q,1,1,Adult,Low
711,1,3,"Passenger, Person 711",male,38.72200358862933,0,0,340711,10.66036470496183,,S,1,1,Middle-Aged,Medium-Low
712,0,3,"Passenger, Person 712",male,13.186919792178848,0,0,340712,3.8225648523023583,,S,1,1,Teens,Low
713,0,3,"Passenger, Person 713",male,,1,2,340713,17.017809048748063,,C,4,0,,Medium-Low
714,1,2,"Passenger, Person 714",male,28.60141784523583,0,1,340714,37.976990505318064,,S,2,0,Adult,High
715,0,2,"Passenger, Person 715",male,39.421968949997584,0,0,340715,0.0,,S,1,1,Middle-Aged,Low
716,0,3,"Passenger, Person 716",male,14.158070120917746,0,0,340716,14.919234576257102,,S,1,1,Teens,Medium-Low
717,1,3,"Passenger, Person 717",female,7.170497892767067,0,0,340717,23.102472860749856,,C,1,1,Child,Medium-High
718,0,3,"Passenger, Person 718",male,,0,0,340718,9.043744779636496,,S,1,1,,Medium-Low
719,0,1,"Passenger, Person 719",male,35.15793812841399,0,0,PC 17719,0.0,,S,1,1,Middle-Aged,Low
720,0,3,"Passenger, Person 720",female,16.620252461816097,1,0,340720,18.31059879840144,,S,2,0,Teens,Medium-Low
721,1,3,"Passenger, Person 721",female,17.08988532151693,3,0,340721,24.698188537148106,F2,S,4,0,Teens,Medium-High
722,0,1,"Passenger, Person 722",male,46.01880437401415,0,0,PC 17722,153.61072985634655,C22 C26,Q,1,1,Middle-Aged,High
723,1,1,"Passenger, Person 723",male,12.453527553423744,3,0,PC 17723,112.69092835735654,C23 C25 C27,S,4,0,Teens,High
724,0,3,"Passenger, Person 724",male,53.51875782221147,0,0,340724,14.75705111369506,,S,1,1,Middle-Aged,Medium-Low
725,1,3,"Passenger, Person 725",female,16.640999347605902,0,0,340725,3.790861890772687,,C,1,1,Teens,Low
726,1,3,"Passenger, Person 726",female,38.95668292132155,0,4,340726,23.197694453783363,,S,5,0,Middle-Aged,Medium-High
727,1,1,"Passenger, Person 727",female,24.935032101639724,0,0,PC 17727,147.32663144149558,F2,S,1,1,Adult,High
728,0,3,"Passenger, Person 728",male,38.446217750693975,0,0,340728,1.161358494792062,,S,1,1,Middle-Aged,Low
729,1,1,"Passenger, Person 729",female,21.81034696934421,0,0,PC 17729,112.57941877202632,,S,1,1,Adult,High
730,1,1,"Passenger, Person 730",male,27.339502861951733,0,1,PC 17730,135.07026229054327,F2,S,2,0,Adult,High
731,1,1,"Passenger, Person 731",male,,0,0,PC 17731,152.95487422188953,,S,1,1,,High
732,0,3,"Passenger, Person 732",male,15.168281891168643,0,0,340732,12.855114189600572,,S,1,1,Teens,Medium-Low
733,0,3,"Passenger, Person 733",female,40.441953008591824,1,0,340733,4.246756684392415,,S,2,0,Middle-Aged,Low
734,0,3,"Passenger, Person 734",male,22.258403286162014,0,0,340734,8.156722021495504,,S,1,1,Adult,Low
735,1,2,"Passenger, Person 735",female,,0,0,340735,7.565751840072501,,S,1,1,,Low
736,0,3,"Passenger, Person 736",male,,0,1,340736,13.118332683735195,,S,2,0,,Medium-Low
737,0,2,"Passenger, Person 737",male,,0,1,340737,255.10114250861548,,Q,2,0,,High
738,0,3,"Passenger, Person 738",male,26.930097442297548,1,0,340738,37.27540062845578,,S,2,0,Adult,High
739,0,2,"Passenger, Person 739",male,64.68292361338727,0,0,340739,32.290802851695716,E101,S,1,1,Senior,Medium-High
740,1,2,"Passenger, Person 740",female,41.07676217452134,0,2,340740,33.26412486955826,A10,S,3,0,Middle-Aged,Medium-High
741,0,3,"Passenger, Person 741",male,,1,0,340741,18.864877399105016,,C,2,0,,Medium-Low
742,1,2,"Passenger, Person 742",female,25.888082976480117,0,1,340742,15.884870593309266,,,2,0,Adult,Medium-Low
743,1,3,"Passenger, Person 743",female,30.02575544577467,0,0,340743,10.650710453001189,,S,1,1,Adult,Medium-Low
744,1,3,"Passenger, Person 744",female,37.63322717004054,0,2,340744,11.65743770201717,,S,3,0,Middle-Aged,Medium-Low
745,0,1,"Passenger, Person 745",male,12.57821417802175,1,0,PC 17745,98.83219527068847,,S,2,0,Teens,High
746,1,3,"Passenger, Person 746",male,45.857664572698646,0,2,340746,17.960867912457932,,S,3,0,Middle-Aged,Medium-Low
747,0,2,"Passenger, Person 747",male,40.07302907389804,0,0,340747,20.669212159846783,,S,1,1,Middle-Aged,Medium-High
748,1,3,"Passenger, Person 748",female,40.11369302276505,0,0,340748,10.483416749225537,C22 C26,C,1,1,Middle-Aged,Medium-Low
749,1,3,"Passenger, Person 749",female,36.05789821274104,0,2,340749,7.1447280646321705,,S,3,0,Middle-Aged,Low
750,1,3,"Passenger, Person 750",male,29.98444153656285,0,0,340750,0.0,,S,1,1,Adult,Low
751,1,1,"Passenger, Person 751",female,39.456487921518885,0,0,PC 17751,184.2535748736388,,S,1,1,Middle-Aged,High
752,0,3,"Passenger, Person 752",male,,0,0,340752,37.94082525091955,B96 B98,S,1,1,,High
753,1,3,"Passenger, Person 753",male,24.566409691355155,2,1,340753,26.87270459021076,,C,4,0,Adult,Medium-High
754,1,2,"Passenger, Person 754",male,21.382774292994934,1,2,340754,4.2921468629002995,C22 C26,C,4,0,Adult,Low
755,1,1,"Passenger, Person 755",female,31.176916281298805,0,0,PC 17755,145.53729243198956,,S,1,1,Adult,High
756,0,3,"Passenger, Person 756",male,,1,1,340756,24.94153931782898,,S,3,0,,Medium-High
757,1,3,"Passenger, Person 757",female,,0,0,340757,9.24218531516506,,S,1,1,,Medium-Low
758,0,3,"Passenger, Person 758",female,,0,0,340758,19.05819963602932,,C,1,1,,Medium-High
759,1,3,"Passenger, Person 759",female,32.08903219792949,0,0,340759,8.660666642251185,C23 C25 C27,S,1,1,Adult,Medium-Low
760,1,3,"Passenger, Person 760",male,,1,0,340760,30.49821894295114,,S,2,0,,Medium-High
761,0,1,"Passenger, Person 761",male,,1,0,PC 17761,112.6489319327945,,C,2,0,,High
762,0,2,"Passenger, Person 762",male,33.23732136967325,0,4,340762,8.73697861217637,,S,5,0,Adult,Medium-Low
763,0,2,"Passenger, Person 763",male,26.463567307795326,3,0,340763,29.3675052741214,C23 C25 C27,C,4,0,Adult,Medium-High
764,0,3,"Passenger, Person 764",male,51.30301985973019,0,0,340764,25.32658740839272,,S,1,1,Middle-Aged,Medium-High
765,1,1,"Passenger, Person 765",female,,1,3,PC 17765,99.60426878859828,,Q,5,0,,High
766,0,3,"Passenger, Person 766",male,17.686793140686433,4,0,340766,18.95385860917595,B96 B98,S,5,0,Teens,Medium-High
767,0,3,"Passenger, Person 767",male,28.202805977838818,0,1,340767,12.912712278483223,E101,S,2,0,Adult,Medium-Low
768,0,3,"Passenger, Person 768",male,,1,0,340768,1.20291501539143,C22 C26,S,2,0,,Low
769,0,2,"Passenger, Person 769",male,27.150111135734967,0,1,340769,18.6874611405334,E101,C,2,0,Adult,Medium-Low
770,0,3,"Passenger, Person 770",male,53.79131740305626,0,0,340770,19.433435962599138,,S,1,1,Middle-Aged,Medium-High
771,0,1,"Passenger, Person 771",male,30.00285408029145,0,2,PC 17771,74.16390429730745,,S,3,0,Adult,High
772,1,3,"Passenger, Person 772",female,,0,0,340772,22.4884196941355,,S,1,1,,Medium-High
773,1,1,"Passenger, Person 773",male,11.427610904997586,2,0,PC 17773,53.55983822658844,C22 C26,S,3,0,Child,High
774,0,2,"Passenger, Person 774",female,,0,0,340774,16.414319243139246,,S,1,1,,Medium-Low
775,1,3,"Passenger, Person 775",female,,0,0,340775,22.82231997793295,,C,1,1,,Medium-High
776,0,1,"Passenger, Person 776",male,25.093131097034604,1,0,PC 17776,101.45449631063752,F2,S,2,0,Adult,High
777,1,1,"Passenger, Person 777",female,48.283835027554645,3,0,PC 17777,52.035716669863845,C23 C25 C27,S,4,0,Middle-Aged,High
778,0,3,"Passenger, Person 778",male,37.786520380514304,0,0,340778,25.05185913609487,,S,1,1,Middle-Aged,Medium-High
779,1,3,"Passenger, Person 779",female,13.583859624413035,5,0,340779,6.103907102544193,,S,6,0,Teens,Low
780,1,3,"Passenger, Person 780",male,33.27431928726407,0,0,340780,5.683561450809163,,S,1,1,Adult,Low
781,0,3,"Passenger, Person 781",female,36.92421535320339,1,0,340781,0.0,D,S,2,0,Middle-Aged,Low
782,1,3,"Passenger, Person 782",female,46.23216105855836,0,0,340782,7.58634596564808,,S,1,1,Middle-Aged,Low
783,1,2,"Passenger, Person 783",female,52.617839955241415,0,0,340783,37.67331682598967,,S,1,1,Middle-Aged,High
784,0,2,"Passenger, Person 784",female,14.981134218495905,0,0,340784,0.0,,Q,1,1,Teens,Low
785,0,1,"Passenger, Person 785",male,17.942566087450096,0,0,PC 17785,9.900229062121046,,S,1,1,Teens,Medium-Low
786,0,3,"Passenger, Person 786",male,11.465121045738064,0,0,340786,18.509754114791868,,S,1,1,Child,Medium-Low
787,0,3,"Passenger, Person 787",male,26.30671204294877,0,0,340787,0.0,,C,1,1,Adult,Low
788,0,2,"Passenger, Person 788",male,,0,1,340788,14.02091802437306,,C,2,0,,Medium-Low
789,0,3,"Passenger, Person 789",female,44.016350490541974,1,0,340789,26.229495371718208,,S,2,0,Middle-Aged,Medium-High
790,0,3,"Passenger, Person 790",male,28.59871015718342,0,0,340790,36.15328382033888,,S,1,1,Adult,High
791,1,1,"Passenger, Person 791",female,25.06221091280476,0,0,PC 17791,106.78923212202854,,C,1,1,Adult,High
792,0,3,"Passenger, Person 792",male,,0,0,340792,3.4888627993477117,,S,1,1,,Low
793,0,3,"Passenger, Person 793",female,17.590427926364665,0,0,340793,3.118583874868892,,S,1,1,Teens,Low
794,0,3,"Passenger, Person 794",male,,1,0,340794,15.273987662639946,D,S,2,0,,Medium-Low
795,1,1,"Passenger, Person 795",female,6.388915106788148,1,0,PC 17795,106.06513905087776,,S,2,0,Child,High
796,1,3,"Passenger, Person 796",female,32.378738393988,0,0,340796,34.11721636064074,C23 C25 C27,S,1,1,Adult,Medium-High
797,0,3,"Passenger, Person 797",male,,0,0,340797,24.35885337790923,,C,1,1,,Medium-High
798,0,3,"Passenger, Person 798",male,29.798597746119967,1,0,340798,14.605171366773396,,S,2,0,Adult,Medium-Low
799,1,3,"Passenger, Person 799",female,26.94443399247833,0,0,340799,9.992720214146392,C23 C25 C27,S,1,1,Adult,Medium-Low
800,0,3,"Passenger, Person 800",male,24.517041369248805,1,0,340800,46.84182880232431,A10,S,2,0,Adult,High
801,0,3,"Passenger, Person 801",male,27.084320614445087,0,3,340801,20.57254279995485,,S,4,0,Adult,Medium-High
802,1,1,"Passenger, Person 802",male,49.606302882809686,1,0,PC 17802,31.987366340951493,B96 B98,C,2,0,Middle-Aged,Medium-High
803,0,3,"Passenger, Person 803",male,0.42,0,0,340803,11.209147840493744,,S,1,1,Child,Medium-Low
804,0,3,"Passenger, Person 804",male,51.93478866879672,0,2,340804,4.027997859965898,C23 C25 C27,Q,3,0,Middle-Aged,Low
805,0,2,"Passenger, Person 805",male,9.052621289472896,3,0,340805,0.0,,S,4,0,Child,Low
806,0,3,"Passenger, Person 806",male,,0,0,340806,17.119160903280548,,S,1,1,,Medium-Low
807,0,3,"Passenger, Person 807",male,23.4759559056694,0,1,340807,33.286996382130454,E101,C,2,0,Adult,Medium-High
808,0,3,"Passenger, Person 808",female,38.23402241167543,0,1,340808,0.0,,S,2,0,Middle-Aged,Low
809,0,3,"Passenger, Person 809",male,,0,0,340809,14.287888554669196,D,S,1,1,,Medium-Low
810,1,1,"Passenger, Person 810",female,36.40150365818817,0,0,PC 17810,29.011427227267433,,S,1,1,Middle-Aged,Medium-High
811,0,3,"Passenger, Person 811",male,59.05248953765936,0,0,340811,19.41652778126838,C23 C25 C27,S,1,1,Middle-Aged,Medium-High
812,0,3,"Passenger, Person 812",male,,0,2,340812,11.784368276029774,B96 B98,C,3,0,,Medium-Low
813,0,1,"Passenger, Person 813",male,32.45073943035074,0,0,PC 17813,0.0,,Q,1,1,Adult,Low
814,0,3,"Passenger, Person 814",male,20.10125842194917,1,0,340814,2.887859146552908,,S,2,0,Adult,Low
815,0,3,"Passenger, Person 815",male,35.87536448979902,0,1,340815,4.5466941481737155,,S,2,0,Middle-Aged,Low
816,1,3,"Passenger, Person 816",male,,0,0,340816,28.467500287859284,,S,1,1,,Medium-High
817,0,3,"Passenger, Person 817",male,20.39843981885751,0,0,340817,27.90585204623166,,S,1,1,Adult,Medium-High
818,0,2,"Passenger, Person 818",male,36.77414813063057,0,0,340818,16.61247746753493,,C,1,1,Middle-Aged,Medium-Low
819,1,1,"Passenger, Person 819",female,55.86304759190777,0,0,PC 17819,179.91866780920503,,C,1,1,Middle-Aged,High
820,0,2,"Passenger, Person 820",male,26.93189501995417,0,1,340820,253.51756793973533,,S,2,0,Adult,High
821,0,3,"Passenger, Person 821",male,40.13649016114864,0,0,340821,10.086709657047942,,S,1,1,Middle-Aged,Medium-Low
822,1,1,"Passenger, Person 822",female,10.947542110868126,0,1,PC 17822,88.60519156299165,,S,2,0,Child,High
823,0,2,"Passenger, Person 823",male,15.831672536138871,0,0,340823,24.362728622107273,,S,1,1,Teens,Medium-High
824,1,2,"Passenger, Person 824",male,36.549891029265474,0,0,340824,13.439217692754982,,C,1,1,Middle-Aged,Medium-Low
825,0,3,"Passenger, Person 825",female,,0,3,340825,13.920523164004448,E101,S,4,0,,Medium-Low
826,1,3,"Passenger, Person 826",male,34.85639355739207,0,0,340826,22.34054756211176,,C,1,1,Adult,Medium-High
827,0,2,"Passenger, Person 827",female,,0,0,340827,22.34401530967861,,S,1,1,,Medium-High
828,1,2,"Passenger, Person 828",female,,0,0,340828,21.21617772761616,,C,1,1,,Medium-High
829,1,3,"Passenger, Person 829",male,,1,1,340829,19.115982357088743,,S,3,0,,Medium-High
830,1,3,"Passenger, Person 830",male,,0,0,340830,21.013766669444703,B96 B98,S,1,1,,Medium-High
831,0,1,"Passenger, Person 831",male,42.49382940368943,0,0,PC 17831,79.26596614819205,,S,1,1,Middle-Aged,High
832,0,3,"Passenger, Person 832",male,23.144690173920335,0,0,340832,8.464008372140363,F2,C,1,1,Adult,Low
833,0,1,"Passenger, Person 833",male,22.884388857487227,0,0,PC 17833,98.90785767099035,,S,1,1,Adult,High
834,1,1,"Passenger, Person 834",female,33.5552343299547,0,1,PC 17834,0.0,,S,2,0,Adult,Low
835,0,3,"Passenger, Person 835",male,23.367563827411363,0,0,340835,11.366458049457597,E101,S,1,1,Adult,Medium-Low
836,1,2,"Passenger, Person 836",male,,1,0,340836,0.0,,S,2,0,,Low
837,0,3,"Passenger, Person 837",female,60.14596594291447,0,0,340837,0.0,,S,1,1,Senior,Low
838,1,2,"Passenger, Person 838",female,,3,0,340838,0.0,,Q,4,0,,Low
839,0,3,"Passenger, Person 839",male,24.504067795692276,0,2,340839,25.20086916698356,,S,3,0,Adult,Medium-High
840,1,3,"Passenger, Person 840",male,20.31064381829019,0,0,340840,13.833799975662574,,S,1,1,Adult,Medium-Low
841,1,1,"Passenger, Person 841",male,,0,4,PC 17841,0.0,,S,5,0,,Low
842,0,3,"Passenger, Person 842",male,27.072249488337505,0,0,340842,19.08172647789892,,S,1,1,Adult,Medium-High
843,1,1,"Passenger, Person 843",male,20.28409094433932,0,0,PC 17843,161.26504939058844,,S,1,1,Adult,High
844,1,3,"Passenger, Person 844",male,48.85890846795868,0,2,340844,19.27334111762111,,S,3,0,Middle-Aged,Medium-High
845,0,1,"Passenger, Person 845",female,50.28424356544774,0,0,PC 17845,69.43060997757829,,S,1,1,Middle-Aged,High
846,0,2,"Passenger, Person 846",male,20.993858296788776,3,0,340846,23.682326039451773,,S,4,0,Adult,Medium-High
847,0,1,"Passenger, Person 847",male,2.635170705271064,1,4,PC 17847,154.46672958513312,,C,6,0,Child,High
848,1,3,"Passenger, Person 848",male,44.30894850263537,0,0,340848,8.518295785710785,,S,1,1,Middle-Aged,Low
849,0,3,"Passenger, Person 849",male,19.772867526479946,0,0,340849,14.00853615583608,,Q,1,1,Adult,Medium-Low
850,1,3,"Passenger, Person 850",female,,0,0,340850,10.850876509329256,,S,1,1,,Medium-Low
851,1,1,"Passenger, Person 851",female,1.133494643178381,0,0,PC 17851,0.0,C22 C26,S,1,1,Child,Low
852,1,3,"Passenger, Person 852",female,,0,0,340852,23.76224998708732,,S,1,1,,Medium-High
853,0,1,"Passenger, Person 853",male,12.138007025428672,0,0,PC 17853,244.61720546953276,C23 C25 C27,S,1,1,Teens,High
854,0,3,"Passenger, Person 854",male,40.296079726464605,0,0,340854,4.06825916634691,,Q,1,1,Middle-Aged,Low
855,1,1,"Passenger, Person 855",male,29.906959483628295,0,1,PC 17855,386.8636829894727,,C,2,0,Adult,High
856,0,1,"Passenger, Person 856",male,15.867878418748647,5,0,PC 17856,18.47448517859515,,S,6,0,Teens,Medium-Low
857,1,1,"Passenger, Person 857",male,23.79797346256168,1,0,PC 17857,94.50744957601106,,S,2,0,Adult,High
858,0,3,"Passenger, Person 858",female,39.65161762587216,3,0,340858,30.26813501168754,C23 C25 C27,S,4,0,Middle-Aged,Medium-High
859,0,3,"Passenger, Person 859",male,31.235469570170896,0,0,340859,7.955171160686779,,S,1,1,Adult,Low
860,1,1,"Passenger, Person 860",male,38.17398821685102,0,0,PC 17860,83.00445967743387,,S,1,1,Middle-Aged,High
861,0,3,"Passenger, Person 861",male,58.35838847547454,0,1,340861,0.0,C22 C26,C,2,0,Middle-Aged,Low
862,0,3,"Passenger, Person 862",male,7.0184966301897544,0,0,340862,6.373752216591453,,Q,1,1,Child,Low
863,0,3,"Passenger, Person 863",male,53.14958233704505,0,1,340863,0.0,,Q,2,0,Middle-Aged,Low
864,1,2,"Passenger, Person 864",female,31.213161094086587,0,2,340864,26.239315558374983,,C,3,0,Adult,Medium-High
865,1,2,"Passenger, Person 865",female,16.66763129931464,0,0,340865,31.471288266370504,D,S,1,1,Teens,Medium-High
866,1,3,"Passenger, Person 866",female,10.410452426784648,0,0,340866,11.24201624772115,,S,1,1,Child,Medium-Low
867,1,1,"Passenger, Person 867",male,26.957754333733018,0,0,PC 17867,106.4491834460298,,S,1,1,Adult,High
868,0,1,"Passenger, Person 868",male,43.06392662290466,0,0,PC 17868,58.743024490465125,,S,1,1,Middle-Aged,High
869,0,3,"Passenger, Person 869",male,27.850537754525753,0,1,340869,21.8259990246188,D,S,2,0,Adult,Medium-High
870,0,3,"Passenger, Person 870",male,51.61174648858654,0,2,340870,15.104081286377188,C23 C25 C27,C,3,0,Middle-Aged,Medium-Low
871,0,2,"Passenger, Person 871",female,8.657952494252395,0,0,340871,0.0,,C,1,1,Child,Low
872,0,2,"Passenger, Person 872",male,,0,0,340872,32.87975063520666,,Q,1,1,,Medium-High
873,0,3,"Passenger, Person 873",male,11.540295056009771,3,2,340873,9.39502925958531,,C,6,0,Child,Medium-Low
874,0,2,"Passenger, Person 874",male,,0,2,340874,4.145066874290743,E101,Q,3,0,,Low
875,0,1,"Passenger, Person 875",male,42.55986715641085,1,0,PC 17875,49.91315015716778,,S,2,0,Middle-Aged,High
876,1,1,"Passenger, Person 876",female,23.598953991624725,0,0,PC 17876,0.0,,C,1,1,Adult,Low
877,0,3,"Passenger, Person 877",male,,0,0,340877,0.0,,S,1,1,,Low
878,0,3,"Passenger, Person 878",male,32.58474812854917,0,2,340878,15.252445711269278,,S,3,0,Adult,Medium-Low
879,0,1,"Passenger, Person 879",male,36.03270900013588,0,0,PC 17879,101.8335115345642,,Q,1,1,Middle-Aged,High
880,1,1,"Passenger, Person 880",male,,0,0,PC 17880,108.05222907190311,C23 C25 C27,C,1,1,,High
881,1,1,"Passenger, Person 881",female,47.61884178142123,1,0,PC 17881,84.40036968555282,,S,2,0,Middle-Aged,High
882,0,3,"Passenger, Person 882",female,14.16972164508879,0,0,340882,6.05848364180787,,S,1,1,Teens,Low
883,1,1,"Passenger, Person 883",female,,0,0,PC 17883,79.90218712207592,,S,1,1,,High
884,1,1,"Passenger, Person 884",female,46.99135893093064,0,6,PC 17884,50.04781913806495,C23 C25 C27,S,7,0,Middle-Aged,High
885,0,3,"Passenger, Person 885",male,3.910480031905505,2,0,340885,0.0,,Q,3,0,Child,Low
886,1,1,"Passenger, Person 886",female,34.33495147582517,0,0,PC 17886,23.901630701174135,,S,1,1,Adult,Medium-High
887,0,3,"Passenger, Person 887",male,22.38939245038876,0,0,340887,23.46495354285927,,S,1,1,Adult,Medium-High
888,1,1,"Passenger, Person 888",male,28.517921240026133,0,0,PC 17888,208.03694386028565,,S,1,1,Adult,High
889,1,1,"Passenger, Person 889",female,34.74130901130587,1,0,PC 17889,134.9494534412577,,S,2,0,Adult,High
890,1,2,"Passenger, Person 890",male,22.63518582035349,8,0,340890,40.72807089290138,,S,9,0,Adult,High
891,1,3,"Passenger, Person 891",female,19.90223285215663,0,0,340891,14.61927471148454,C23 C25 C27,Q,1,1,Adult,Medium-Low
